,PC1,PC2
continuas__age,-0.4234370862768768,0.3263378445165805
continuas__trestbps,-0.2749448316499071,0.48456899596111297
continuas__chol,-0.1974426745310732,0.5847718443095684
continuas__thalach,0.49812529904097735,0.25715931122998115
continuas__oldpeak,-0.4500771068026546,-0.2691909128208822
categoricas__sex_0,0.003139542520976692,0.1582223220187851
categoricas__sex_1,-0.003139542520976692,-0.15822232201878514
categoricas__cp_0,-0.16083106376252196,-0.10421558757344751
categoricas__cp_1,0.08777845742327532,0.05112694180222498
categoricas__cp_2,0.07975140419428028,0.050641491247639066
categoricas__cp_3,-0.00669879785503361,0.002447154523583517
categoricas__fbs_0,0.014374149139348598,-0.033988308703296506
categoricas__fbs_1,-0.014374149139348601,0.03398830870329651
categoricas__restecg_0,-0.08520536413959644,0.07737516501663903
categoricas__restecg_1,0.09947474524682158,-0.07736458564217011
categoricas__restecg_2,-0.014269381107225173,-1.0579374468961792e-05
categoricas__exang_0,0.15443494615963227,0.10097647128253089
categoricas__exang_1,-0.15443494615963227,-0.10097647128253091
categoricas__slope_0,-0.03490966360535164,-0.025570468599706554
categoricas__slope_1,-0.17494055160388422,-0.11745830754596709
categoricas__slope_2,0.20985021520923577,0.14302877614567355
categoricas__ca_0,0.1470669065204169,0.0070664487262185995
categoricas__ca_1,-0.05317476953553376,-0.027097563860385452
categoricas__ca_2,-0.055293117928333406,0.01689668253066073
categoricas__ca_3,-0.04551516619489124,0.0073075885352393575
categoricas__ca_4,0.006916147138341572,-0.004173155931733253
categoricas__thal_0,0.000401170222737449,-0.0003727587369721364
categoricas__thal_1,-0.021364860860814752,-0.029367734525404355
categoricas__thal_2,0.15844515169728574,0.1562946247408892
categoricas__thal_3,-0.13748146105920847,-0.12655413147851274
