fila_origen,PC1,PC2,PC3,PC4,PC5,PC6,PC7,PC8,PC9,PC10,PC11,PC12,target
59,0.39190178102603795,1.5673941439604517,-1.0962425375254756,0.5095201393932375,-0.23315972667651738,0.3249406971976391,0.5557558248670291,0.46039623605558766,-0.10738281054730957,0.41302720442240765,-1.0894647207046597,0.21165502400828654,1
247,-1.5981433561068543,0.6715168417429576,-0.4013660172845416,-1.4083846619278522,-0.6307851775674591,-1.451789215270818,-0.37439851527311996,-0.389727765141305,-0.1295378521523469,-0.3676810578701836,0.6066313452487961,0.6674475063783577,0
289,-1.4348238893165106,-1.305563654964757,-0.21916970162529467,-0.15873958907428853,0.21914217298179828,-0.4001740727687363,0.18951092327958463,0.7553137718499503,0.7029871392174007,0.4304779443868828,-0.8487074207008187,0.2661398612352217,0
288,-1.7584732236555856,-0.6027231115555437,-0.72543351160166,2.169386030742195,-0.3783481221395877,0.6086025537876014,-1.3181604163662743,0.13958199350278036,0.33254768901673015,-0.20163291380393067,-0.04472599412652083,0.5816022786084897,0
64,1.0818621931106984,0.8166767229210632,0.34231671920919576,-1.2636426878219835,-0.3221949231722322,0.5665815086391754,0.8124660189677753,-0.4364401472116467,0.30097844849589656,-0.7327488771650112,0.4306880597763573,-0.7506358707880204,1
29,0.535476343210715,-0.38975319437311995,0.5617484412775058,-0.7108751929997413,0.4227196001312371,0.6834149024277428,0.9745349341777634,-0.6996836102740143,0.2562674134998483,-0.9156981950809836,0.38717564197077226,-0.8951451429882119,1
19,-0.5980124991433083,1.0373787672250057,-0.22047951998031426,-1.10293863253919,1.165477891216199,0.7437576929547602,-0.89840084558218,0.6597011535815932,-0.2456966363407674,-0.03724070871637091,-0.5822159005941541,-0.08468974600367016,1
104,1.8484180338317924,-0.1927560709551297,0.13624984483509578,-0.8785557214318984,0.18532917011451405,-0.15746255472208717,-0.307375375304644,-0.3381376048284542,-0.15658021404018413,-0.46572238872832405,0.2141705787822244,0.128139965732789,1
198,-2.409882731067062,-1.1847773310097849,-1.3409268893012811,0.29060277212788727,-0.3168369776040413,-0.6109994444410222,-0.819675717834661,-0.030693883514407317,-0.16302013892705888,-0.07674301938714984,0.14293324657701767,-0.2814112675635826,0
1,1.1982572272869254,-0.6403213452478804,2.239371317166505,1.6081726987278966,1.3338644748459723,0.8432439473579462,-0.6812667626998279,-0.38123379056346446,0.013989333474800305,-0.8020645238802532,-0.03797240053936029,0.4053678527095804,1
230,1.8662212005758807,-0.4218517432221941,-0.8779657108860742,0.3044137344358142,0.219762626432699,-0.1105114689701163,-0.38930199998516696,-0.6203137526542303,-0.2862335838801835,-0.5628144819055723,0.20223681280771869,-0.15138741890879628,0
119,0.3401044190520719,0.20638787059140182,0.038522323638611855,0.436827712526409,0.0656374050227887,-1.3150802764678955,1.4468874161930867,1.051999532525809,0.4360417156565646,0.19016151969511264,0.21696239665441705,0.27779745892849506,1
205,0.4382180837184102,-0.1272856101222233,-0.30377730693531146,0.18926329094684644,-1.6887999064983366,-0.3639400812380547,-0.8980788684349841,0.5696506704673376,0.21793305258661338,-0.07710507925582395,-0.568283039000685,0.37618159974250104,0
172,-0.046069531844033486,0.37718271967173916,-0.23579045679831878,0.8580618297292995,0.5284815257402848,1.0431542880247877,0.5116263797383191,-0.329759864177043,-0.48312198270180273,0.10899301194467995,1.0018632112369084,0.4397409892866751,0
178,-0.9348180003466607,-2.721563302534663,0.57351680070891,0.4150821410828852,-0.06639844549442873,-0.5245677976417323,1.0305151455052217,0.1404740280311188,-0.2731792812761545,0.08671600960010169,0.15635552898664803,-0.27929162403274005,0
3,1.5935410819006055,0.260934541181295,-0.03132237846006616,-0.15517603912818234,0.17735047021222505,0.7482239295502291,-0.7524858736217249,0.24329553893457964,-0.6595112421081458,-0.177378534717486,0.49301246550408045,0.21033341747873874,1
233,-2.3795112753811876,-1.0086182874043292,-1.4084801420427828,-0.09515496208322195,0.03601681819900584,0.2310695682219596,0.6925196638742085,0.07302486948194291,-1.0399442222242468,-1.2370499667224641,-0.5723217572349738,0.053972334958266796,0
246,-1.9954387170169325,1.7539077973533785,-0.440934006540833,2.8700212551164643,-0.38737861430889675,-0.022782345310170034,-0.0972448559478806,0.5996902105799348,0.6834764379642789,0.6251336086517221,-0.08945574576915552,-0.1463630265316012,0
17,-1.7373478027242106,0.25355193376985297,0.1653114019092044,-1.1652591789278857,2.0733833969242177,-0.3815487366847987,-0.42027868472537244,-0.12728246069395815,-0.9445773837386808,-0.3815046291398264,-0.16606270374156804,-0.4122127368676287,1
33,0.3436943416925506,0.49090899490842843,-0.5899046174725641,0.30047637051957454,-0.13697167556438777,0.7294123171795166,0.6003391684015167,-0.9671705690772233,0.04363637453763398,-0.5627139085185404,-0.3708080011665705,0.5363945061612808,1
199,0.09050747565769073,0.09131510956838705,-1.1453417902980088,-0.23413915624378892,-0.7534885335463719,1.5521025071894154,0.03289933454042466,0.46502746219073654,-0.4836678422499939,0.4660217514714609,0.017999591675751436,-0.33639489463136024,0
22,2.02311532080706,0.20603023443775434,0.9663567391188794,-0.002475963234430636,-0.40010220950379655,-0.6309973602434918,-0.25773250693850214,0.32733371452083426,-0.49128368662128385,0.08359466583491823,-0.10285728807559939,0.30112478955627076,1
124,3.246234987604874,-0.9880136254379333,-0.5957500005003932,0.49428589531264844,0.9657443921303578,0.12539984145680394,-0.1071157185414749,0.38861128592536925,0.5955206364430871,0.03687808185157428,-0.3202280367529753,-0.2909988888767455,1
66,0.5453172888443212,-1.5875366188603246,-0.977277877400116,0.4914376986677943,0.5947700887462872,-0.08873353716659935,-0.1930919507117813,0.050709374750394026,0.4709870421747138,-1.038629478479376,0.9980676180709044,0.3831370355431341,1
132,1.9326738755972281,0.4753204205516675,-0.3138125611215659,1.2119606327207952,-0.17041329055188176,-0.5183981205788949,-0.4434759935679323,-0.49354768182153236,-0.8010977412970007,-0.24754282607317102,0.0764630368471505,0.03412659738898781,1
177,0.350985284962937,2.2355533112619184,-0.7053893099644788,0.19400470223771016,-0.06844485751281883,0.019331167074263633,-1.042221231690559,-0.6653133163241405,-0.40181383452799463,-0.5956064220773789,0.7207941554810429,0.12887912413623095,0
138,-0.714343612138172,-1.9665505270499346,-0.8444448197183804,-0.18702769321936402,0.13014136545391042,-0.44916591789043064,-0.31175833431767325,0.5399960374932472,-0.16946334770243376,-0.3264365756771198,0.852365520905639,0.05784792242926193,1
16,1.2355358423132974,2.023565333921614,-1.1493129133984257,1.0463087570652587,0.6761729687938559,0.16739839050975042,-0.9089773323070359,0.049554274025796416,0.27718207936264155,-0.10532352643702793,0.25347611761477207,-0.19556632836383112,1
250,-2.7052764622327645,-0.9353601361616559,0.9221269572523708,1.6435133271061735,0.2432669837628274,-0.3154074429888865,-1.0117129522528352,-0.20222817364338289,-0.2142713161230775,-0.3151087783705904,-0.26915602365503993,0.2211392954644148,0
98,0.7325672612891672,0.564811636945505,0.3450754205230171,1.5683210099447367,0.20964621775686387,0.31663363476699213,-0.8232875136276127,-0.9888266967784997,-0.032325819020190986,-0.9209102467909142,-1.0798564702899407,0.7205012435581049,1
214,-0.8103884569632185,-0.36110188149348965,-0.48815045064545304,0.22149310569747782,-0.7551494400407497,0.29382093646326,0.9930389178530268,0.3411432107632582,0.7701291474630136,-0.9221322268720683,-0.08642309318716405,0.1805716075028452,0
45,1.5003128792907214,1.2673651331670923,-0.5816835854672903,1.207557069019209,-0.18677213044284974,0.17220974356825414,-0.8592977273422282,-0.24588894106528494,-0.745088054243875,-0.22287920068732,0.4823824473948385,0.1265742645774037,1
295,-2.0386793242944443,-1.135655268933776,1.3316708935152135,-0.6077952277418233,-0.21568089047224936,1.4358597957543067,-0.11451215619555451,1.0958918036489773,-0.5389686806844791,-0.2752006677963724,-0.5406089442753207,-0.3297312700059458,0
71,1.2025405293430178,-1.348431641050141,-1.4592667214279564,0.2809662112158673,-1.0881567849539908,0.3524456003312788,-0.8632896090839153,-0.04564084486973837,0.7282829182122924,-0.5864543263331262,-0.3549568779527323,0.10433108960669316,1
189,1.8181237859319066,-1.6584883684959018,0.11541578713358054,-0.09980164047905239,-0.9203954835712933,0.08817676528612815,0.8072784334248722,0.061429639289680364,-0.48573344907067556,0.9236666980702896,-0.15878138398557096,-0.6582801714977103,0
81,1.6147339889652,1.2041028547932175,-0.008015658958658693,1.2606237655898045,-0.5156367443236595,0.08403361609576081,0.630534586979402,-0.4246753688699403,-0.8519993784456537,-0.05948355484771592,0.20700194855351683,0.049314233681204786,1
87,1.982396513404603,-1.3743276579540649,-0.4930362780692249,-0.1745993673538709,-0.6411271447378445,0.11024336170666234,-0.49281201941428576,-0.4811835666156803,0.1116889734850114,0.1335881767942685,0.1550960557986567,-1.4305764783320507,1
109,1.3915025032285102,0.2705251000073675,-0.9896442209906833,0.5868002332074579,0.29199414277047786,0.1509510553314859,0.875639874063794,0.753018127150888,-0.3979924598858564,0.5513584969018553,-0.28078032768885136,-0.5432176883867792,1
97,0.7690276603621623,-0.8165173661900655,-0.8688988330947888,-0.05826792351924338,-1.0791336898618862,0.22278889082510495,-0.7586433386279965,-0.3329648571830833,0.24444675923810003,0.28841715809829305,-0.3809652417433147,-1.2916311435117576,1
270,0.5026665525140332,-0.615506896264881,-0.014995055792659343,0.7028717212148765,-0.7466563563704793,0.025402223566639105,0.44589634042219173,-0.32640594314793536,-0.8387045002590435,0.6822472055396451,-0.15343659125934392,-0.7392538149717753,0
147,0.64973724959655,1.4250762743487715,0.6122007367428324,-0.8531832657504768,0.9310121878553996,-0.05811900892932208,-0.5758372747482212,0.6155428724736063,-0.23246122049783102,0.09777868457628817,-0.04568331850040046,0.08293067763997365,1
60,-0.2639341026452917,0.9996367295743568,-2.5122015249689924,-0.8582819341119884,0.29193275263593627,1.0214240959948908,0.5873095924291678,-0.39354808870465857,0.6580623406058462,-0.6204633894469688,-0.6705898351114719,-1.0057532020828766,1
235,-0.007319096927042699,0.513514750938299,1.0108152784748232,1.1940855644483257,-0.953493276475411,-0.1931975867140345,-1.2238083595168756,0.7706118776073545,-0.21896552246655224,-0.15450936922041675,0.2953637345880449,-0.05955149819767891,0
101,-2.4095694039919424,0.8564141097631364,2.829337300471785,0.033415002225727776,0.6412266283565519,0.6274519258996599,-0.07336523932321072,-0.8142943322093781,-1.0496665172346742,0.006389478704676801,0.08131094127527251,-0.15897931281301927,1
259,0.32710309699153856,-1.856543556334588,2.0847660656209785,1.8343396730089572,0.420603996785307,0.529666673110819,-0.7860503079279937,0.44566780151960383,0.5722780360007843,-0.19685118854621533,0.5266653002586014,0.5094197322656893,0
20,0.03261317341000214,-0.08205033336685044,0.18013121934024087,-0.46295412254793367,-0.420095412348316,-0.15855494033551776,-0.7719413673551936,-0.021186720548747283,0.13281067406227082,1.0881587844578966,0.9415150098166795,0.20739982755532949,1
168,-1.194957466079449,-0.07555769011313701,-0.35358630834938015,-0.12390840871098074,-0.6800083381769532,0.897403672364981,0.20809513092644558,-0.36754368595880915,0.12302205729404919,0.9455555755846448,-0.06453790197175767,0.538009619874349,0
145,-0.3156805779953029,1.7641694488595372,-0.19744642009269314,-1.6483371827452598,-0.28484542933407025,0.11478990224032616,0.5284508799709613,-0.2761372945266289,-1.2806696796723183,-0.12694933462656613,0.5889234553020252,0.022212817969399324,1
143,0.2839014388383977,-0.02247539367222848,-2.0144723482216498,-0.894297595717284,0.617235141832014,0.5788942272586454,-0.6687425077406791,1.0695410686204696,-0.21133602849293687,0.39188917665139605,-0.5461984786719897,-0.5046507888582413,1
200,2.102320275578308,-0.7772007231618187,-0.25220888761655746,0.028568201190948606,-0.85503822887875,0.8596160016560194,0.8977335102875218,0.38251885358136434,-0.15387746587418838,0.17875245443130772,-0.9035129408730421,0.5831465111775791,0
216,-1.809608319460177,-0.22346082033677805,-1.561865769164974,-0.44532410033950975,0.9035275931100913,-0.8386821873701306,-0.5596029560363707,-1.3514276025122862,0.5571490418970599,0.42702787620368127,-0.7826944926022208,-0.09310277954002522,0
213,-1.5260375115889275,1.1304592900978954,-0.0929114412018493,0.7160999882576893,-0.2563349521422234,-0.6225253305262227,0.4183907174694163,0.8005746374108039,0.4282900079329565,0.7395050337972626,0.5994427726773456,-0.17285488769955953,0
47,1.2548673203617133,0.7599113513130329,0.23955593910729084,0.11328343732796906,-0.19622958845872426,-0.18597023193873463,0.8326385671789693,-0.7743414787682852,-0.4254046349468528,-0.41650710155464143,0.09037384795349467,-0.010463371682973033,1
173,-0.3342754597299676,-0.2041800603337988,1.3108011144623106,-0.01951811832716085,0.1071920316822956,2.181310126078879,-0.3288918847878868,-0.19182514903314954,0.11731088043797075,0.14329610716474644,-0.39050531329710286,-0.2104369156758854,0
117,0.037644267789473725,-1.132792771350689,0.577859582543976,-0.29109858430738594,0.1625376522674947,1.151297757159426,0.45451088635016407,-0.2584128428890419,0.04830842654302867,0.8473136325096315,0.9012545463403873,0.0729937894815122,1
40,-0.24079346927699619,1.3605072827965907,-0.22242696318909425,0.8224187681646334,0.689447547376511,0.13049575607349792,0.5925737304051603,-0.6635632996627052,0.03202256272249313,-0.40192883712532235,-1.476841485983296,0.17794163227266438,1
238,-0.7263360060855554,1.7589304772826924,-1.59320987517652,-0.2595068397648985,-1.2328302104618296,1.2331700723222758,-0.047831095546039835,1.1745012368283676,-0.42526569622112226,-0.5017051774647302,0.7460887094866506,0.27943964227552615,0
277,0.438273877310638,0.10618770121103137,-0.6454596089832577,-0.12967795254841075,-0.4493966320309584,-0.2225759304750719,-0.9626975000066409,-0.6567838318653987,-0.8515318349396429,0.39002893475200734,0.3294215385215998,-0.5584327643909429,0
42,-0.16752683017474623,-2.2072034189514866,0.25287586524580324,1.2284259285307262,0.5489535449119052,0.6041823341189406,1.0040204417148977,0.8301179735941817,-0.22886148522425062,-0.5682156779273629,0.4764493249249386,0.29680708618206175,1
67,1.3986020642680421,0.3368024386721767,0.4609472802224321,0.4648016740148701,0.8314476091424783,-0.09261831222399095,1.2120764270428723,0.26289928087913944,0.32322875498487635,0.7702852666721708,0.22123599332687716,0.36479781975946957,1
10,0.561955155340167,0.3116240778695807,0.5648938386443213,-0.26734859534759897,0.11667424620093034,-0.06435585903553907,-0.6060771454850142,0.28963410482946583,-0.8794151267520589,-0.15500432688893925,0.038071894947218715,0.12513051367594025,1
160,1.4280491686712857,0.21495661962713072,-0.38621188288688296,-0.22610262216258095,0.14897244405600102,0.2656464293912016,-0.5207880212649121,-0.053963439834783876,-0.5221706066028773,-0.10383762424265061,0.8143953542167272,0.17800765921651476,1
152,-0.908300570714884,1.123839539597582,1.2794210776223958,-1.4548078047551674,-0.48291381757109936,-0.1538510853175316,0.49194865681747035,-0.6123358322818196,-0.07888841684882833,0.9241036662605573,1.0112379149715571,0.37586697553315235,1
80,2.6624669535048513,-0.12639494485055902,-0.06228472173412342,0.7848659199573902,0.03249793926517268,0.07814285059895855,-0.43656467717102104,-0.3699105675719228,0.06684603737041703,-0.42919395901329693,0.19467680793397027,0.13842089541182961,1
77,0.8847005670395726,0.5381038086431779,0.07507134003114468,-0.9552429198172727,-0.48825512920848213,-0.4313874201620701,-0.4740730420690791,0.7801965150950707,-0.508787700881796,-0.8554818592625428,0.6616059009698392,0.36777868399802716,1
182,0.49238190940496096,2.242973942353985,-0.8661675827742668,0.7995307537483154,0.043079706727047584,0.35991368490955755,0.3561115311133964,0.7640073281072077,-0.4060204700253506,0.5508788797716992,0.12173175466096896,-0.31199593023516586,0
260,-1.553696651480503,1.3810218775439653,1.473513094613888,-1.5064799332142003,-0.49120619041103664,-0.7566394456456991,-0.6600494593887802,1.2565674518837362,1.7171635450401448,0.39266137643172044,-0.02248157842249039,-0.3535302700236805,0
154,1.4909666570243234,-0.11997346248212822,0.3564775785907128,0.025290556963350738,1.1582652878008215,-1.5786174948557812,0.3753006197840857,-0.4857156713819527,0.8031405683863475,0.23684366602034296,-0.10733653015550318,0.3104425787452146,1
222,-0.49318992628916725,1.324898746377833,0.13190253284059505,-0.12634189711654142,-0.2788479410633133,1.5327840633910004,0.461165148850855,-0.39888546277863135,0.8355954008778774,-0.3577419936695927,0.30771798256207844,0.507543601198512,0
280,-1.0259153225208246,-0.48680607575241486,0.24677894251944024,1.8966988933628752,-0.1246755754384693,-1.6762712239322708,-0.32814294489190643,-0.25052937314520507,-0.3124145798003829,-0.5114567759133747,0.32032071669486434,0.208277647290419,0
175,-0.5511182441036597,-3.1779034692379104,0.0962150481390778,0.4677525924449177,-0.1588669586785611,-0.7304223311613722,1.2042059860231213,0.052921272623541855,-0.2678018125419499,0.12296835025882548,0.11114543651333393,-0.41124379011031964,0
161,0.6053287498434732,1.927588194926855,-0.2939567368421642,1.3085588537311457,0.8908457942539111,-0.026961567214239424,-0.8810981298100773,0.19039091590898258,-0.5172424017076799,0.019025350200159552,-0.10670819891944688,-0.15251894524452259,1
122,1.9429682077140396,0.2804278266051091,-0.4122100141900433,1.3644956133108401,0.12228178954954987,-0.2271389828029625,0.9727014421389412,0.7448149591900864,0.583220504771583,-0.6209670131853017,-0.10772195735503479,-0.2246057918912747,1
265,-0.3656633358750953,-0.5095686633221455,-1.8578806368889849,-0.9671004469481168,-0.9873473307714811,0.5584677309259265,0.6810668190459611,0.8333577653839647,-0.530849531520583,-0.7663267957713068,-0.31847537022764183,0.29968649853710155,0
32,2.402955258304842,0.34850847641219446,0.7991104879561228,0.050107606667710546,-0.4434155969419075,0.43450043701168456,0.85310086986815,0.11634426193540864,-0.5460888162339158,0.11739332574563396,0.1976808257722782,0.2639746520077065,1
208,-0.0982868109937271,-1.838973248266614,0.2799048415501082,-0.256819397091557,0.49000767621102226,0.2198711188139973,-0.5730379205341529,-1.1222161257900194,0.5515670841613223,0.34824413899644324,-0.0633359323853862,0.17456378713258755,0
25,-0.38896584572949827,2.9056974491858525,-0.2338987548772762,-0.8946227564144223,0.40740155447678755,0.06694414614851661,-1.0190253217633836,0.492031400216482,-0.2358484522009307,0.20924814524027682,-0.3711302869808962,0.13639661683565532,1
128,1.184180779763748,0.32547172322107476,0.2786315128630543,-0.7651680191026857,0.9379390438144559,-0.0742840166300181,1.2565599619193348,0.08292737807325506,0.8806507632163121,0.5204135195757768,0.411599911607897,0.3511912440784479,1
243,-2.7208414458168355,-0.45119145396160243,-0.6092373139416357,-0.1575786005870205,-0.7464329319188274,-1.9461499918611733,-0.43261848862007235,-0.7529296752920371,-0.2501893323921226,-0.2632143786315423,-0.5534076001834467,0.3794182489385312,0
244,-2.019213859300369,-1.87383800174707,-0.31188904313314997,-0.7132389120179746,-0.23690123938573565,-0.3963632917472585,1.0610520443669365,-0.02048892838528092,-0.2516039433452481,-0.46434451745851607,-0.5197604802132765,0.532530259433847,0
193,-2.349242447589782,0.034655083911211325,0.7207598801116695,0.7231847848817411,-0.5809054998539596,0.45601770339956615,0.06504531582868547,0.42514946036461887,0.12687787757534763,0.16621459993189622,0.17674095005205054,0.20088318549179873,0
114,1.1587885754299616,0.7226754025628838,-0.44740842016917715,-0.18896168625565388,-0.07008111603898978,-0.26402339527788476,-0.5519671462192949,-0.28833177518395675,-0.9235304000639183,-0.23985524177052583,0.3509623469824246,0.05438329330188405,1
255,-0.5543755943023136,0.42546629516554796,0.1527287961968954,1.3750898476038247,-1.643891985428127,-1.0659024200609888,0.6594873490570603,-0.185842228583736,0.37520270587321314,0.4741128133950316,0.16732553331256658,0.35679781172495056,0
237,-0.7780164988268318,0.9201102883862827,0.4176951445841811,0.5478210159334732,-0.8599816258750461,0.9266628741242882,-0.023370135536927183,0.000856062631602562,0.337837110216791,1.219356005101778,0.3730235682095642,0.2964861527716262,0
55,1.0549065571207956,-0.19686207944813375,0.15768432780056374,-0.8990015774740666,-0.089737288397262,0.18126510274877924,-0.4199071068915349,-0.2584893103555671,-0.5160090323636434,-0.3741377832136583,-0.8863694683357669,0.7593133002638406,1
242,-1.7473129337984918,-0.3147916804928283,0.2997686368691231,-1.002135606757811,0.06287231474979006,0.5344116724211095,0.5344411607788153,-0.12270607258147982,-0.3207568114751049,0.5526058352384169,0.0448833779166782,0.2213996915970845,0
171,1.302188140183207,-0.9908484239272575,0.18684393923614345,0.5179880748087735,-0.04852604869925383,0.45407698565596,-0.8486522155526959,-0.3355096846452725,-0.29880543615170807,0.5060933714565431,0.5053295919349884,-0.3389461724839589,0
146,1.0965077073479323,-0.35078793383476475,-0.8310754987054988,0.3991439430519032,0.9425276330613306,-0.6314045187908197,0.07461974209644244,-0.5815293917430935,1.1337488750361526,0.08615401247300761,-0.8594071892889324,0.755917009439227,1
254,-0.4871634366962,1.5643999720642419,-0.016501290680763163,-0.8162579437302496,-0.2693117006395652,-0.8047615918847382,0.8154956441425012,-0.8588201693781737,-1.3521531463216443,-0.35107058688879345,0.156846007669898,-0.11302720272511532,0
210,-0.10311388110503877,-0.23338923550984936,-0.394812196358959,-0.47878846742854375,-0.6167773600020997,0.5789517218530903,0.48945900170527706,-1.1273139817698978,0.8004596349855866,0.5856487153282314,-0.001731882532003355,0.603278835236346,0
273,0.835815125201317,-0.804867402999243,-1.4702101040371864,-0.13095109151555492,-1.03983309409466,0.7930498891113358,-1.0724586619677388,0.04676094037983124,-0.09587369073684066,0.6320591809519782,-0.5120243934362029,-0.013979374708140688,0
276,-2.0506959638581517,-1.0384409119868816,-0.0223229430865828,-0.8591042214831407,0.0034249881261387387,-0.7637169339220371,-0.5373820325525445,-0.9959799601605731,-0.3433940734901828,0.4934068240557234,-0.725833394782333,0.37749154287454406,0
249,-1.6229299054341513,0.45060016992968366,0.10296681744987247,-0.5648206240199714,0.04552104009555244,1.263291859880289,-0.02685833791280895,-0.9797215440002759,0.36786588457509234,0.5092698141864882,0.598470430418941,0.2614572690585901,0
58,2.788249010957786,-0.9928051027635622,0.7308775039687417,0.1776939128629123,-0.2573420467029663,0.030257255454284572,1.2743201641073092,-0.09468818804796758,-0.4820537956219101,-0.016246799178590555,-0.15922556558259784,0.06508273705867744,1
258,-0.8776835775034738,0.6654777517716184,0.320060097785404,-0.42441895551739406,0.7917072696550452,-0.8267310178025857,-0.28278994590963724,1.4111342611103053,0.3800328891162152,-0.10138083895680569,0.5298507550163375,0.5125393938663462,0
73,1.1522389328115776,0.9976920939927272,0.658382465326658,0.3843221426915158,-1.1692070452079664,0.03788826613274185,0.6398075599125487,1.2398162194605162,-0.26576829636915084,-0.4360528391583776,0.502788544801633,0.389547173693466,1
56,2.0352626875726196,0.1322892445341842,0.31900412211579626,0.10368468362584124,-0.6067311191221098,0.6657473137624323,0.7379554527456426,0.6312067259853213,-0.4841200651099313,0.30696297763718955,0.2444405069780971,0.12573165179545598,1
110,-0.8541131478727455,3.1064662871604147,0.46219700729065294,-0.34296173449829354,-0.21622961955682876,-1.6938461679119192,-0.6259862898554481,1.1729159695112634,-0.2917967210197569,-0.410090257057681,0.04507159797571385,0.17952477510906695,1
256,-2.2482024369286795,-0.96007188018487,0.1636910077658949,0.7888701285222643,-0.3447301547166021,0.5685643835376383,0.19497490517133073,0.37119556797326536,0.013512497205723051,0.09958101712569346,0.06943980095610601,-0.038925287688743516,0
129,-1.1218756250855801,1.0055272028448194,-2.4916069660147864,-0.7925411917979321,-0.038024643101007845,0.299307187423787,0.5441281848259835,0.6948568700375632,-0.4126883560422378,-0.6569499534708153,-0.5113477475005829,-0.00841060402106727,1
15,0.8019311241988243,-0.5157137155851511,-0.010435080317014511,0.13674520130492215,1.7791660915697414,-0.04581784533245288,-0.1489908882906822,-0.034043431504054304,0.7403957106522667,0.10592131341752788,0.21704883379823586,0.23610024669636828,1
251,-0.15828071003795588,-0.683173171564698,0.21485943679043362,0.6236206569043206,-1.6295685388249606,-0.9096983277731896,1.03156078045299,-0.13256098104815756,1.034493813121217,0.02174839655990107,0.019583616760495456,-0.5802135988615373,0
108,1.3692723377723504,0.2082689852059494,-0.2057410325651869,0.30847777285053424,1.1036675432929173,-0.031433269541866225,-0.4248610303547999,0.4158408308292057,-0.4386047690938728,0.09171433370661902,-0.3299764635172974,-0.2568949645225701,1
94,1.5514832858888437,-1.5027413604283584,-0.7746451900996304,-0.7369193070131448,1.2884982800584697,-1.090508267878126,0.5087515316404585,0.04107205942650647,0.11576659487547182,0.5559970029610081,0.022592360826994815,0.009103540586769598,1
207,-1.5981958240551284,0.6154059605593821,0.9969370072120967,0.13879951745749006,0.49599783184169216,0.6728008240697314,0.1919192810740628,0.4750362081181611,0.49556754547745835,1.4133065963573253,-0.4522826711701521,-0.052973254241722154,0
294,-0.07688693721651053,-2.536289323118489,1.066151394454037,0.19513975572656198,0.4306289291559687,-0.2180943880588907,-0.3284697157259545,0.7555059299763315,-0.4877743251512302,-0.7530810321360851,0.018518430004327638,-0.16960929224127205,0
266,-3.0541205913538074,1.4364888025759581,1.388650177095181,0.9867405051774107,1.3022764693578104,-1.6699629058984249,0.26372903242040946,0.3822863705922599,-0.4615598029130184,-0.591510636607885,-0.26137828196700114,0.29913255678714656,0
195,-2.7942428828748747,1.1345568493260465,1.8751092718529585,1.0973848833796138,-0.34632381053667594,-0.0870743238773816,-0.12193281614570455,0.12617265913937054,-0.8493466049266462,-0.40611125169049633,0.29347928734346596,-0.22541449690432827,0
24,1.2520855134298168,-0.8850086915804892,1.9305356742084265,0.18295338192502808,-0.6503218826588664,-0.453985480959097,-0.6192871999950099,0.5317543736141395,0.05383393396992488,-0.3009218883336676,0.045440123637845095,0.09325462453176625,1
180,-1.6530129925007717,0.4136601117332893,-0.7997334311715294,1.681960799886697,-1.0667177185976695,-0.790307330051273,-0.9891419107017206,-0.3005414337488225,0.29930171491509744,-0.07480523137621889,-0.09939350047690601,0.635653779731347,0
215,-1.6409468444607098,0.05935660482943126,0.652771646546565,2.722250413716355,0.22907680785989182,-0.6181517482590949,0.6115458415520768,0.18643680701483423,0.7793789641173188,-0.04596801310261748,-0.16805182514841732,-1.2435928794303481,0
211,-2.0793843525769398,-1.273681624068889,-0.043079712567573196,0.7903373689656464,-0.0318452308590767,0.7809073958494366,-1.1766664536460893,0.39981453819879875,0.26975604488652266,-0.2251512106319409,-0.1383259981194261,0.6491807602994137,0
126,1.4839896662512062,-1.071164629908058,-0.6905314300908058,-0.2308867142548494,-0.019595769850405054,-0.4749992822931253,-0.16228759969865467,0.10380097812536833,-0.8924338276647168,-0.08278248328573919,-0.08430616713747553,-0.24409113437095414,1
74,1.7997569940341946,-0.38833228018798177,-0.027787667722311504,0.10200865482840947,1.2431666064731064,-0.7277145967212586,0.16096786282429157,-0.10806014307174752,0.9794497452038672,0.30877006483676456,0.17337402159125373,0.31963475644126665,1
91,0.7027118307834728,-0.3108398890418058,0.2274506562410327,-0.7306682491815617,-1.2521394088930717,-0.32541519753428066,-0.8371432229306899,1.0892689290067126,-0.06394473875908764,0.10995082823551945,0.5589697309743624,-0.1408870128437097,1
206,-0.989948807137008,-1.1555831794753741,-1.0017694052708745,0.35563727665318556,-1.0553259879845083,0.6324028422296056,0.4082853136936238,0.3830153975899768,0.43832084121006915,0.25453109756880216,0.09801337492011061,0.4789520823429654,0
229,-1.5851165859230787,0.05110765493521241,-0.7501328544116264,0.7728580171697691,0.04780171881021808,-0.1395218609920383,-1.1217704553272285,-0.5063023457990649,0.37203161653635886,-0.5082738222270291,1.2431879490066398,0.003053681072138483,0
36,1.263982047458488,1.892729672597753,-0.24733981822561377,0.33929331883320013,0.4996745055303052,-0.25203922366650616,-0.522093508520907,-0.15653307451207438,0.8717608451592809,-0.5282017617824198,-0.025874542395504588,-0.9524508256354525,1
283,1.7155673573972565,0.1746339196460072,1.7514302879426598,-0.0716052478343695,-1.0466220194748228,-0.9026086138982989,-0.5933290226702916,0.04939091186996598,-0.19534221638002494,0.8308280928609364,-0.19511239224614868,-0.010583355509904769,0
79,0.06489365687233026,-0.8506367726992495,-0.8951132588927518,0.39929604350586423,-0.548795345268062,0.6147816233163287,0.4152707782157474,-0.026176359409503823,0.7760352131050238,-0.016774766977501687,1.3805851888961445,-0.02652853533132414,1
263,-0.3961606088221235,-0.032886726353463985,-1.0021844637014172,0.7678976970657322,0.7142516045422124,0.8083165714052377,-0.7586507102915055,1.8716243835572477,0.9318963869337133,0.004323333802962579,0.24709242247927843,0.4356168279735004,0
93,0.44137783200975306,1.4076195163127965,-0.6829529858207215,0.3692802152473282,-0.6359855122592023,-0.07417124267821949,0.8675724161419082,0.6086325917313158,0.7253705058569876,-0.9044602886347635,-0.9112127182849745,-0.41760559041753953,1
57,2.1016469770859625,0.28814937618966263,0.009046801606301929,0.9475947425026077,-0.6591563287883266,0.6278484516668906,0.6619037384215009,0.46446246927909796,-0.5054919149164048,0.2664885717159223,0.2207868810774011,0.05185305425525522,1
278,0.2170922290530169,2.1993546064362888,-0.8049073789388553,0.3671233814388561,-0.10557932499536106,0.2118864144458933,0.5973665197913034,-0.04504290402518815,0.23556512621430353,-0.0977275106705462,-0.683066397144363,-1.130505860117229,0
34,-0.3687276700134556,-0.9441822894565747,-0.43024337952068287,-0.22119989893002687,-0.3616838002079967,0.028917584599101223,0.9546590702972554,0.00039066195436082636,-0.6474797661862092,-1.2683659689911926,-0.8991888511273247,0.4039161428197942,1
253,-1.4299244756648763,-0.215331529543842,-2.406413390001415,0.8256615518465132,-0.41028265676662024,0.7057495492755649,0.46978540191787893,0.6160589086427956,-0.1378712419875291,-0.41092369334655404,0.7176761071350206,0.12576551702234304,0
18,1.0185255376539415,0.35013270060808555,1.6075484819995756,0.38292919319178376,0.07992395476432286,-0.44710326608139234,-0.4643766451049805,0.18549932299518343,-0.7582475909488888,-0.1627218636071985,-0.30950482111089134,0.30208932289863827,1
196,-0.5254988567276137,-0.5936203672586725,1.873680325932331,0.364998077113243,1.6134399617517365,-0.1250171131021237,-0.3504608548539094,-0.9148976624511774,-0.08503275477560412,-0.6524654211914985,0.14225465061924877,0.656432574972744,0
248,0.39195279489266166,2.9210491689444886,2.397285732309426,-0.6601655293329607,-1.7775996958200304,-0.047269560556887316,0.08319114768919167,-0.5086670569891016,-0.0030411595379158402,0.7243455043180748,-0.6656386007910613,0.9842726393306758,0
76,0.23436942670903713,-0.20785934009404078,0.8037189570057505,0.5824498515425298,0.7285480509983611,1.1601245629188974,0.7836004423361541,-0.6924594363498701,0.7838614605603929,-0.659656342337813,0.7051950242597593,-0.32814352023067167,1
86,-0.2858434624254312,0.45473657080348756,-1.1750885340076513,-0.3100878908261207,-0.4433031958045174,1.1929706687872594,-1.51367908124023,-0.7732915681709636,0.16074639917493946,-0.04772912268297389,-0.22638017899913884,0.10966713191019827,1
153,-0.4975491500169075,1.8806544350157761,-0.8550681233217027,-0.6909194539650919,0.4506022087225393,0.17502347624066092,0.7621432936446849,-0.4102766103958452,0.9282073184261056,0.2867296414721876,-0.2077887775914952,0.8731077176761671,1
82,1.0382397787329722,1.1664523165741023,-2.2281431007602,0.7863611687389533,0.47612649990024786,0.6915498000399266,-0.8920172791674292,-0.11263147019549159,0.5602804160154367,-0.23853459467199903,-0.6888820659769705,0.18838851192113412,1
5,0.08052192906050065,-0.5617453249969002,0.23946088683283076,-1.2035123200739057,-0.034480769819916574,-0.64983635008856,-0.26080218790518017,-0.05003830462222921,-0.13577829499592733,0.6286578361038997,0.7422288175727146,0.3641705548790388,1
227,0.09414458375759481,-2.586296091834115,0.5850542605936714,0.8709121592205745,-0.23861862486111732,-1.487088182459439,-0.030265280659826678,0.059444021810458776,0.06213124530121437,0.06784436812620195,0.08679872242597231,-0.0688824907471401,0
78,2.1885485471775454,0.2742841083667953,0.45491888952819337,-0.807589926391726,-0.3022874320867397,0.3624213749977,-0.3545083471425101,0.140602862183518,0.12085704760221329,-0.45687206917534356,0.39919073961101054,-0.5222588984215545,1
6,-0.26645821598474895,1.314528497988613,-0.004960773458305094,0.6330913689264167,1.062694025597838,-0.06977712386048188,0.8363965916774673,-0.07865252579430558,-0.12798647603891136,0.5218216242119917,0.3515301655743747,0.21235289545560584,1
116,0.9689822443240959,-0.7603619100729063,1.2866105821014218,0.603432731362464,0.7879975180013021,0.45504069212330495,1.0455492044290553,-0.6366939090492993,0.28284944974121123,-0.16668865779946157,0.3964988484943604,0.5936831473377165,1
234,-2.725853751050376,0.6513053216995928,-1.30317982339502,0.544478204157384,0.48601355919825834,0.6787213301530999,0.31384795153758255,-0.6999219438105108,-0.9642833708270311,-0.02825789208441832,0.2833454027489306,0.19262640514003668,0
226,-1.85258964475466,-0.41008152530056563,-1.5556827962420428,0.21372503822351238,-0.25893558366434866,0.22378597170949355,0.3918695990697321,-1.5344339462447696,-0.5309798426698561,0.48460462566479245,-0.2230772010584488,0.08440187563599266,0
279,-2.19621706017649,-1.6702373800937667,0.5632132083181247,-0.9352052993672207,0.49871487391874975,0.655906003247549,0.9093990276907157,0.6172915054341137,-0.27346672201083255,-0.8236792923304488,-0.4625615980558018,0.9753330035281058,0
8,0.5512150774380109,0.7371084244566156,2.039353265925961,-1.6509018349560223,-0.575661029648408,-0.7341658467264258,-0.5868734731991248,-0.89545420100855,0.5711707653228334,-0.24505008505283446,-0.007603559902512568,-0.8484299086225973,1
158,0.05103293826612303,-0.5898675590289618,-0.5233922412572158,-0.6804279463185198,-0.3289072528141792,-0.0981786587709364,-0.6599512107350246,-0.7274308467374512,0.1385250459350343,0.8329095109762037,0.3924651706560081,0.289524126657449,1
31,0.16826752624005661,-0.9306466170215072,-0.712452022400071,-1.6193395488936762,-0.4142359760590064,0.2283988022858698,-0.8752641131350352,0.2261760941264669,-0.7332270717944542,0.6541583764214761,0.3831405632467527,-0.631808245144444,1
231,-1.9901857876249924,1.0062620681730305,0.6477869384133049,-0.1652314301832293,-0.9561175302625511,-0.6887717585364476,0.6058642319642968,-1.2208321573749006,0.23354171397802637,0.5247663358816502,-0.09944002715015625,-0.6821367994504727,0
221,-2.99564435498295,-2.129935623405154,1.6783065664908958,0.48991509073099165,1.141769852171016,0.1287274956111532,-1.0362795604167783,0.2370264472602791,-1.140816554006041,-0.8892735596124766,-0.24173323656538062,-0.5867629048775488,0
299,0.173427101827575,-1.2762147917231357,-0.48903650654417835,1.1035086170324877,0.20001697179325148,-0.516429473312001,-0.5119647016976997,-1.1110721929365095,-0.16384465576504173,0.5332701764216463,0.5302079895412971,-0.19700171215213538,0
298,-1.0299239650132102,-0.19451510268029873,-0.5798560246484312,-0.3673463041298988,-0.01736383364229062,-1.8633100180867976,-0.25104817371278343,0.6179765089310791,0.3987800065837958,0.6073684069593022,0.33553441210325624,-0.29721364335811423,0
121,0.992061807653096,1.5045316893183058,0.17290049287161008,-0.07475223079986425,-0.7131943016552261,0.6980537540564588,0.38860740389132575,0.5407162434269254,-0.6424242866711806,0.25289297446358167,0.5356884281507385,0.19753958068724425,1
275,0.7520744512589538,-0.6280662160496766,0.4095864772961517,-0.26776484064069017,-0.7232443485050671,0.5739584269069289,-1.0503080902381854,0.37258119220920066,-0.09323108494517797,0.7472975439180902,-0.5145007526904691,-0.23454392775627295,0
241,-0.8529272833602736,1.4525771528232334,0.5551067314637169,-0.9942687586822444,0.2576233020164866,-2.1659640511626996,0.07043750336357474,1.0027400668111166,0.3204256003817818,-0.015386045951994698,0.37617754059879077,0.5847014433467577,0
30,2.549020139813872,-0.7943449279049776,-0.7332721008196864,0.06594199325225303,0.4349084892930314,-0.04952432077755393,-0.04823504383544022,0.3373285658408268,0.22365293705726175,0.19457180289032108,-1.4200153251031438,0.32895178617374826,1
187,-2.2050063961668487,-1.2347478158239935,-0.6514260053226809,0.8450009426291745,-0.6543076203162134,-0.23497684813110392,0.5502395195994383,-0.32305473677885127,-0.11458917479714724,-0.09662322091126352,-0.45413168343392407,0.2531438767814898,0
68,2.329895552872082,-0.27399722417013944,0.07164293616584637,0.035592549009668566,-0.05786189783320392,-0.20591178944116864,-0.279616788697434,-0.0837505002771929,-0.6410983485624974,-0.13289618332984834,0.11603088488872328,0.13326078917907033,1
301,-1.1855563447020412,-2.4719533897353094,-0.290924766673197,-1.7424652886266403,-0.522187894533301,-0.8201413487989089,-0.16651818994239956,0.23535342476661902,0.26296304271220455,0.02748376771176388,-0.3957000350920856,0.515853907444696,0
291,-1.9281560110767835,-0.5116513146099699,0.10481905786377688,1.9326447633615444,0.8833481600168129,1.7013727230441569,-0.8566689909815702,-0.33786410875698997,-0.9739348208179849,-0.2493462491952654,-0.30658271265428544,-0.24076202122369303,0
225,-2.1475874977071387,-1.1525437816014399,0.6180012163532128,-1.66407890494263,0.1363769305070014,-0.006785642480545091,-0.9358901097051335,0.7298899182385001,-0.7081312350170331,-0.3782623691358537,0.5804831871546263,-0.39442535656230066,0
151,-0.7404061033434037,-1.3794229725057743,-1.3792121146488043,-1.9059300651053537,1.7944381065991604,0.2838144402055902,-0.15786406353249055,0.8828359984734775,-0.17993115698979967,0.5352302088889233,0.46708297946434824,-0.16616210148884467,1
127,0.3901069400556372,2.404992468148029,-0.36162365087681214,-1.0432764833305541,0.32736749750707217,0.22822962450529258,-0.8497787269917015,0.10521475836568499,0.6267892366217858,-0.1500943511274814,-0.6905744180975,0.6960998796726926,1
120,-1.7470624819574194,0.6194810928591411,-1.1619775304137885,0.45139367605662484,1.3103829934907432,-0.16905420856043826,-0.626058189658575,0.208725047977663,-0.06643129038225677,0.376877443196302,-0.38294076394685855,-0.003720128179721576,1
21,1.860205607443359,-0.03258738734547143,0.6626180267639566,0.3312739639294932,-0.2799384535260463,-0.36806771993932075,-0.38988638478847193,0.4429000077733185,0.2957956023543381,-1.1724751542093896,0.3490709088093909,0.4172966316194306,1
134,1.870431863728722,1.063922267474837,-0.2947559557121896,1.352552684409492,0.5475270556750923,-0.9620609418009689,-0.2928451237346857,-0.020731162600424777,-0.3631122166109922,0.15821513158448067,-0.4591492554286501,-0.22104874558049573,1
7,1.9249147013416694,0.0019452403855191726,0.16150553315089086,0.7537816696131375,-0.7459945107518813,-0.17396635959377146,-0.8511785342495309,-0.42213245084817913,-0.3651680023474173,0.5847562802188451,0.20324924890069151,-0.2808931603072371,1
162,2.9982567633766553,-1.007804640226407,0.6690487372392622,-0.6755774985291882,-0.003717972112323441,-0.0451347425358092,-0.0695542260415216,0.25119899792497746,-0.4243553306355981,-0.015376981111591932,0.03820794649283971,0.26656996615378226,1
203,-2.1769042737817634,1.7404164090031886,1.5918330595461498,-0.89544390570687,-0.693394394568236,-0.20186332187336212,0.29624685820682817,-0.47014604676193184,1.0316619073107947,-0.6431748837832397,1.185712738092414,-0.36541585498014106,0
176,-0.23555061970449967,-0.6577889014315637,-0.15744947319873182,-0.15372167905592807,-1.145312257150353,0.7915783478385213,-1.1366742089982063,1.012552415762214,0.6497879444883929,-0.47467576132293715,-0.09652650820115223,-1.0969403490403475,0
13,-0.6337212787132606,-1.006489309283212,-0.7401686316266924,-0.2606732013913432,0.4063787232765008,0.9477610101448699,0.7705306494080408,0.6102264390941137,-0.17056559270977148,-0.6800637664108344,1.3074990148991923,0.38899193460317927,1
54,0.9529451815772514,1.6886042537796688,-0.38193671666002954,-0.665964095456509,0.5535987555163675,0.6331099311934157,0.537507737170364,0.34205554603643723,0.18693341433898394,0.12528400079962626,0.2396933295001302,-0.17745219163596498,1
223,-3.566750555834658,1.5534987632921229,3.0879675002630362,0.13501905821094934,0.18633767596684053,-0.6684078134842284,0.2917380797119089,0.4544283838491406,0.370498657554455,-0.45537480993291823,-1.263259102001108,-1.1239348014106223,0
69,1.0849995824488354,0.417813744897316,-0.7572305036720387,-1.0840734486232708,0.5961353989229623,0.022862509332495,-0.44225922779115245,1.1539148074271235,-0.25521483114816085,0.4748319412553083,0.003394589999988794,-0.2618717910438459,1
174,-1.8833571764710573,-1.3232432252815474,0.2021611617981973,-0.2644965800920657,-0.4595743254199205,0.4962575771772829,0.398593006411749,0.5830049019234005,0.127756375875416,0.2335798765196361,0.14137568460902974,0.01107007117775769,0
212,0.5387530378900272,-1.8345399457384624,0.3078293065051618,0.7635598238781149,-0.027575830791863844,-0.8667157426624242,-0.2683706257772435,-0.5581340552416211,-0.09454472597936997,0.8683351363019876,0.1484663880062963,-0.12835092675626353,0
269,-2.058598171522228,-0.536570203432669,-0.4224761023785672,0.6522140158376483,-0.7404841707222698,-0.6172376365520368,0.5573058854833408,-0.3817583174924812,-0.4297032100213384,-0.7669435715643845,0.26492088896007077,-1.7355945004937425,0
184,-1.5356157898075107,-0.5865959293140542,1.2529480838493376,0.33617250190801734,0.127776306912797,-0.35144465547919773,0.6066637412250689,-0.7297778516473574,-0.6126277523331031,0.7624150726930056,0.12522081051221987,-0.12841972010007868,0
2,1.7239417852185883,-0.12391267934467602,1.0056665805799585,0.26447194110327493,0.9176846796820027,0.1802059030761046,1.0590054139662404,0.46802285432055923,-0.41444825095369303,0.27695311292357266,-0.6698249971564743,-0.19660401410073047,1
218,-2.3390185797679814,-0.4160725558467841,-0.10009822194595479,-0.09524945542100277,-0.10297804764156367,0.951589516739582,0.13158705336315785,-0.5964168990191344,-0.27823969729720066,0.6608185007237117,-0.3206111677954939,0.38050453566210884,0
118,2.5848868628595283,-0.46309354678615244,-0.6268707565895998,0.0005316152654977289,0.7947218676708083,-0.0319581862119432,-0.16568344537745266,0.6493559211620478,-0.13394739069103023,0.31972384818332344,-0.23341460690458382,-0.2622883642357583,1
92,1.5029313217015439,0.5087766519963702,0.24795861316161552,-0.7766497465130113,-0.1627321337772749,0.02983319026263728,-0.5157347557947121,-0.42141012191904587,0.1415464075656056,-0.4522906254809621,-0.2498348576029256,0.5089231385794024,1
155,-0.10577857784778802,-0.4762712378212845,-0.7093313950186347,-1.0232879935522274,1.2190852404029315,-0.9308158478524166,0.10124859725685237,0.4408131195002038,-0.04953196729906998,0.615708060140462,0.15615643800043083,0.011505914796543129,1
112,-0.4879455111233542,1.6647613952027704,-0.9548641711117396,-0.10292620985130574,0.35985548835304426,-0.6775412436976523,-1.0820351144321116,-0.6572626440667122,-0.008168446092080351,0.4103020664008349,0.018486079709460257,-0.8477346308056435,1
261,1.3682987326330307,-0.39058337159536616,-0.9889858334498893,-0.15766323390307166,-0.5616315263453099,0.31705904474384705,-0.4999925387507139,0.18593232421571917,-0.31119386966980384,-0.0857065701845412,-0.7506317962975607,0.5465318934591296,0
103,2.0054879803219574,-0.384154038398044,1.2091210888660389,0.7457129221561529,-0.3464175216262389,0.602420857935452,-0.7865821317571172,-0.6020975600295718,1.2440727092340769,-0.0953528401836195,0.49980544722655157,-0.886871360457883,1
52,-0.7935773906061503,-0.4577856524894233,-0.0071906365889065245,-0.5175201534272489,0.2959234155406303,0.6269092883452286,-1.0073226734681624,-0.9694092793739261,0.5647182037481288,0.39359882967703824,0.4191722409275142,0.3107999310276852,1
219,0.12340789811853996,-0.06460949980221098,0.025096574704729924,0.4007872633874888,-1.96520543545753,-0.2282247226301605,0.5264425810827528,0.4018785480293411,0.5169281859538933,-0.2589204485976421,-0.44435051182116186,-1.2272141192060535,0
201,-1.9646872371805377,-0.8532332921387746,-0.035476994823005065,0.6720627019671515,-0.5869125938459434,0.8679761042076845,0.17220648293233543,0.3189794710233353,0.23136650463830047,0.028864282583196763,-0.10410115710495291,0.57667499145955,0
296,-0.21551232689096625,-0.47034511413286084,-1.249257238309402,-1.1056695089677993,0.5947557109851762,-1.0351485812344774,0.07017387404736693,1.380541066842611,0.3630595232124269,0.0263425570801003,0.6635705896923876,0.15460655116347347,0
48,0.22219914875631827,-0.115230633622586,-0.9799783692411234,-0.7740901898157317,0.6374587776516454,-0.8034913262718067,1.039816852489445,-0.6919577485294551,-0.34681389056160683,0.17137882511249544,-0.49295561309877467,-1.0147133903758254,1
300,-2.1181692502317206,-0.8233836082463059,1.010890094606941,-1.2998835678365217,0.3237505630649212,1.0395074569492844,-1.0285871296525575,-0.0003547142937539402,0.5423701318035865,0.30442683814393656,0.03328767472931331,-0.6660921536779967,0
232,-1.5599786179616755,0.7857586437464907,0.5962470390112281,0.32738728079867024,-1.5059064497574979,-0.713191930695648,0.48905017049779526,-0.06467631936076602,0.3818116995312672,0.24102193598974977,-0.17913117103974074,0.8707718751050559,0
106,-1.3025268727699988,1.264964243573591,-0.27115430346801345,-1.945444074263043,-0.4778243592410795,-0.021944332591778408,1.0224660385221336,-0.9649153748518879,0.3805652760753487,-0.40513604272131537,0.0846874335968012,0.2690080185742981,1
209,0.27568934374013004,-0.4935567871034057,0.19850177841008923,-1.5504846720804817,-1.5645727447069262,-0.22011733021328958,-0.7606859046278346,0.9230746526074133,0.2504787706284114,0.002927263234711396,-0.4877857915506571,0.4999538435152666,0
50,0.8585705350320092,0.7966064427213186,-0.33267565767073354,0.13740053933614374,0.8264165791666968,-0.09492489169847675,0.8640192416989672,-0.20113483525787923,-0.11257310768627737,-0.0897943721789588,-0.33435313432427954,-0.4447265437169401,1
144,-1.4863882409647178,0.3774557727665992,-1.109218951379877,-2.194011968727026,1.785228608533294,-0.0710427582835957,0.3245462185755238,-0.2163594809520692,0.06877685016830896,0.053874297607542705,0.6442463719799068,-0.06118528249837655,1
192,-0.9398754098835773,-2.0200723070941127,-0.7256682237422493,-0.7157629999905025,-0.10083682550456999,-0.4121271687582805,-0.3902915237252254,-0.7543378933607039,-0.09574973373439308,0.6461470943520055,-0.6261052310844109,0.2666069908878158,0
204,-2.924191612942879,-1.0515091311860345,2.8987020973673054,-0.8080472525783274,1.9307480916842554,1.7493290069737377,0.008851113844252346,0.615391545448117,-0.5099801041352243,0.6010528421122203,-1.2403166019841159,-0.41226118259897243,0
38,-0.17216209126159007,1.8928457494823339,-0.02101803914829927,-0.9396294748822716,1.1097661297799701,-0.4123456040678361,-0.6749996619187635,-0.07098572840216007,-0.13837473824653376,-0.2847793121562406,-0.04894901719804921,-0.14450778027208788,1
245,0.4711074695252224,-0.06879273672721246,0.19346889981162907,1.06806510581775,-0.7701987924875939,0.13701892516368713,0.49237137215635374,-0.2649115455436394,0.10142133993810477,1.2202874832977904,0.7337801679593238,0.038179085432448516,0
191,-1.7398574435286234,-1.3028834121994661,0.07520181737279599,-0.015577699114618447,-0.5255231470260538,0.306233386701073,0.48336094904806287,0.28721399779755774,0.036506686336880804,0.22637362220044024,0.20793848608855542,0.12338778910437574,0
63,0.884744108087572,-1.0720655239325179,0.20776595339364343,-0.34420011697282016,0.07346083116274388,-1.6531014613662995,0.20292762835816985,-1.0660481186840916,-0.3433411836452858,0.3588660962624438,0.3062991480573271,0.22130470731430682,1
96,-1.0746807708365553,2.6591315298213667,-0.6302941020059404,1.8696418880574006,0.6155663604106142,0.08990058164222549,0.3371564503443549,0.19775871746525037,-0.08271476906964945,0.6721895999932878,0.5814812293897965,0.16724815392381218,1
190,-0.8083708712597817,0.10039028477225927,-0.2777893063649017,1.3979854971789378,0.12239395690372462,-1.2499400285043238,-0.603862742950036,0.6631039474898639,0.5389599556474849,0.5308636139713914,0.3030363524011698,-0.2071441100811945,0
125,3.103590967080168,-0.3878782399196922,0.8707496555097775,0.7545150406663631,0.8391849785510036,-0.2031904594892648,-0.09141819978360244,0.6708256105910001,0.06597035974254287,0.31207424416899576,-0.607086037533239,0.025138388798242504,1
159,0.9815856566397758,0.2239418484727151,0.10992038124769177,-0.613952421421063,-0.8700706172340796,0.4686683816557302,0.3279405175762101,-0.27835245498472305,-0.6339884638009535,0.7343782191796971,0.41801267317485513,-0.4083990148217315,1
9,0.9701643435330123,0.05184643968136791,1.4931587014369012,-1.6310798547735552,0.6778712915501338,0.5003965938580411,-0.5754443233504659,0.021800636751107688,-0.1994679244921428,-0.574443714446368,0.20789741120414368,0.40292407797879826,1
183,-0.354367619198698,-0.9122523702332859,0.025279473403931614,0.32155544422141236,0.09155931487699201,1.9740583535052822,0.07192887679459897,-0.7253190612618179,0.8332291722986417,0.42275058175789054,0.007779936732436312,0.627871934500216,0
262,-2.268528953250138,-1.331669179594919,-0.9501332639306203,0.9698886013711393,-0.2916777001048461,-1.100326172844377,-0.6598907487557434,-0.31758094454925656,-0.22432147146425696,-0.1556743898539777,-0.19494297151139994,-0.30484272814208946,0
290,0.2404560726211397,0.3003237669030966,0.2789852061150739,-1.6168676929113994,-1.2095329078122679,0.010023028490019344,-0.9240008586132777,0.05512455556875942,-0.10303598920427157,0.6779944584001703,-0.6608780353688288,0.4064053934718983,0
137,0.5369605317520049,0.30687970829625993,-0.6593914101520332,-1.3819283838897793,-0.3049135207069616,0.40199154545076116,0.9003748185424989,-0.3694451985986503,-0.598632115864285,-0.5375451972177075,0.4039008647949503,-1.0698455520267551,1
148,2.274591881875971,-0.21306278802786088,0.02949990866005397,0.07796782409980359,0.11131581286872333,-0.13884657926726984,-0.3373444395225573,-0.4202868807435384,-0.0676875502999388,-0.4639482601762794,0.1477308855400169,0.10870223721426994,1
181,-2.0563380823810165,0.23728679779736198,-0.38940840145727706,-1.1761432090193253,0.2636414547905522,-0.5355847993997196,0.7055942784409968,-0.24256458933622282,-0.0012596556059776918,1.3893426579792765,-0.38199649877096953,-0.32069253301831196,0
282,-0.8818298762867319,-0.9292132044864173,-0.18830335805000512,-0.6682356112759046,0.4808985300204731,0.5697390972029001,-0.5225377234888153,-1.2423574978202385,1.0246460630617205,-0.7199461638846949,-0.24217841669533277,-0.06866717087717406,0
37,0.16099700481679852,0.49192880068006456,1.4554974425285558,-0.3715267088336718,-0.2523341433339434,0.6249275740349,0.138403208538187,-0.6519579657376671,-0.20527924696614042,0.2041230151982461,0.13855289401322302,-0.2556151579318193,1
220,-2.930540025871976,2.179132206263154,0.6930175576761655,2.4881626036561846,0.7238424973650679,1.050910970554011,-0.49238549738682735,-0.165852609755198,0.09865399057202796,1.0848578547862746,-0.26422059651417734,0.017777763689154392,0
287,0.641016099762585,1.3016078585644435,0.404227462882114,-1.101962935509605,-0.7765560116146498,0.2940606020542411,0.6885509802490154,-0.330874983140575,-0.5659186002960254,-0.11791654857539002,-0.6672692561342343,0.8416634743514848,0
165,-2.8941905220916717,0.9038459616947556,-0.3324936448049448,-0.38465793480639165,-0.2942308954085993,-0.732236724237917,0.7574726851947471,-0.06142991294409847,-0.6212313130852778,-0.618876499595502,0.2887815137896685,0.5562382100837355,0
105,-1.1125799382745518,-0.2993499676067811,-1.4054805429539423,-1.049333020162867,1.7800199204357445,0.3454226981398927,0.9694757477172411,-0.3445895514395958,0.027959322998752704,0.06778250489169767,0.4834691174018832,-0.29614958697313015,1
169,-1.1303429164123329,-1.07627271578413,1.8427662511026108,0.039437009294166464,-0.38110590662263333,0.6641682438664355,0.42033039545076245,0.6270260311194283,0.16231839927341601,-0.5976752024206634,0.25135428578918906,-1.1327056644096987,0
156,2.0983183509119554,0.6088382493690279,0.32293453014801105,0.1802702272007054,-0.024306506778333705,-0.03559402960114761,-0.5340763050155817,-0.3500678997689126,0.009640631858617785,-0.4308779486118557,0.2934596670464804,0.27530581248000585,1
23,-0.8566304616196989,0.41532900354310653,0.22095688902917793,-0.8269516012952913,0.16401528820863392,-0.816142081845543,-0.1757776357207674,-0.31253270798471994,0.8709614834272374,-1.50322182800528,1.0338013681769518,-0.1597179875996135,1
49,0.9294425885164621,0.9007989987765266,-0.021896145504622228,-0.37124659935143234,0.23048034218999358,-0.26753604171262435,0.9456037273019275,0.7615762713452116,-0.43438229474678697,0.5641159712668566,-0.34989319888110654,-0.31580628971366215,1
113,1.8181627504080535,-1.2322287239542464,-0.1342444766437205,0.25544238337713243,-0.7530459993014759,-0.280228903962573,-0.6064670934415595,0.04122219201781787,-0.36740510177276603,0.7574007500838894,-0.03375340135247035,-0.5183803192186344,1
11,0.9893370226189159,0.717326350013168,-0.639645484685279,0.33803503893277415,0.9848189900123996,-1.0340105301184679,-0.25019969356729305,-0.45698406986020024,-0.10340122389616045,-0.284841717182047,-0.4556491995862972,-0.4276385891936225,1
90,1.8144655416358555,0.5378417478780365,-0.015767066880467553,0.09119935945692449,-0.42040002585710834,0.42670126407408415,-0.5470598910902809,-0.4334547217184202,0.906869668375208,-0.8112314489181404,-0.321884291630992,-0.5679999017247579,1
88,0.7915826803858567,-0.7046934592469686,-0.49371303175564735,0.028086736964140213,1.8370483257463825,0.3467204564793832,-0.24856745353786305,0.10514199738867026,0.7528713180603058,0.12347966774947308,0.39324081633253516,0.16328037306206628,1
157,2.9189931027869425,-0.8336112037714418,0.6802694020703686,0.09051361427773924,-0.054786973273922124,-0.5449151503516448,0.00020201685856251604,-0.10961379263317393,-0.5429798673154271,-0.10371000305419337,-0.18452306062551077,0.19216580156160834,1
46,1.9951626595641505,0.7195245144844297,0.9412464182157632,0.02652268355593069,-0.2944357491826342,0.14157322034410166,0.8313513598457261,-0.4056368749207377,-0.09185559511023639,-0.2678332612350324,0.13539755296833902,0.24383962035042886,1
53,2.340730347299269,-1.580604310592363,0.0731811511227185,-0.6223504322895258,1.527096103653732,0.008148938488513441,0.23854401430386782,0.3844385521320633,1.1581390699428862,0.38910060711990435,0.2322604513285239,0.33131483202694045,1
111,1.1188390765273897,-0.40738982664670337,1.2186859992275196,-2.713563283267159,-0.8763598805057353,0.4128863956441658,-0.5796094609995824,-0.4773385033468649,1.2203604035291085,-0.15840788991841329,-0.6887795964444038,-0.2552390516656652,1
99,1.3093859185416419,0.8893235792773224,0.060437409036656314,-0.29499224395469315,-0.6404012635188955,0.9294580537898104,0.6641304986358908,-0.6044450147911105,0.6449782752462111,-0.6706178116638524,-0.11921811943802069,-0.518420811362274,1
72,3.4713283982976644,-0.2028659282596807,1.6893118821716018,0.7030424620084224,-0.5276183765390677,0.0617598254512672,1.1553132687630636,0.09291842068064049,-0.30742609523409464,0.18190423734688504,-0.19638055786992542,0.3999173506316605,1
75,0.18051508308262543,0.6790952966866775,0.22438541704323162,0.18881129558060541,1.1586806033026475,0.22262110562812445,0.9353189059453125,0.19770696500244256,0.016301896544882694,0.5943468501773168,0.34582621046500833,0.2643115153529149,1
284,-1.3772002759482767,-0.6073479489743084,0.31602998005621563,-0.7674370830962667,-1.089918489812886,0.48916865924523456,0.22540908456074704,0.5496993819086501,-0.380692249438297,-0.23635490988165656,-0.7611134329668938,0.13663043081307136,0
274,-0.7574641533714402,-1.0950944601315922,-1.4080246467699113,1.3055465371490853,-0.5152790741158955,-0.49124979838501054,1.1331724292833256,-0.09521467944719095,-0.1207825004252703,-0.6491529057504251,-0.41900276121853347,0.6629842803938787,0
84,0.3916373784068211,-0.9215096376383574,-1.4637792676309964,1.4320832674710728,0.9368248022611894,-0.8064817388394024,1.423775300417415,-0.12306437667139293,-0.2356037381140337,0.6442879570379509,-0.19211500100625875,-0.4317860391853546,1
292,-2.221635912503471,0.47252097392576453,1.7817527169196932,-0.5809702968889734,0.2831120419202269,-0.26515104771768333,0.8390226003074192,1.003889902566723,1.0931004748357276,-0.21935557168324799,-0.5392816593115685,-0.48752482040926093,0
170,-0.6758508121388308,-0.0608280777313359,-0.48414073499917415,-0.028447619098443386,-0.8953441864161313,0.07530350495637776,0.8399896209693903,-0.651715603502066,1.420290999712003,-1.070237595877208,0.1284937516581266,0.046150406895725964,0
39,-0.7398953950899189,3.3260422852520235,-0.12729304138919406,0.4517781445194184,0.6386727614163795,-0.04568501830973709,0.22054110814969918,-0.3818142863849379,-0.30388689986389983,-0.19711643367904874,0.05146644135692716,-0.22295217452381527,1
115,2.670845981562762,-0.26720871882275055,0.16512390639692542,0.3261169417490652,0.8792734013133879,-0.7054690062660134,0.008452381351723506,0.04050176389215809,0.41894776097118247,-0.04676705190926552,-0.572159508747103,-0.18764086573775135,1
139,-1.8720558152301514,-0.5628083450813036,-1.7365130681590353,-0.4128034859704392,-1.0524069024205698,-1.1159918994800966,-0.6014598139514722,-0.25676166688976176,0.09687737413550328,-0.007389677602418654,0.016725574493265765,0.36993963595386203,1
163,2.4350145420837066,-0.5257805388019364,1.0659152544102537,-0.710893725320232,-0.1258132545563009,-0.4733475132505113,-0.05951183021784737,-0.4656826098711199,0.2754931541910523,-0.4138431708968881,-0.7219074442411182,0.5566103682489146,1
149,1.9732671708973533,-0.7960641017062845,0.3213445159487319,-0.761888843710664,0.2605333051955078,-0.7843937449343124,0.012194663213307658,-0.6364198967138682,-0.28919320789372394,-0.5410587334600998,-0.1605025086499373,0.010678579839374137,1
