fila_origen,continuas__age,continuas__trestbps,continuas__chol,continuas__thalach,continuas__oldpeak,categoricas__sex_0,categoricas__sex_1,categoricas__cp_0,categoricas__cp_1,categoricas__cp_2,categoricas__cp_3,categoricas__fbs_0,categoricas__fbs_1,categoricas__restecg_0,categoricas__restecg_1,categoricas__restecg_2,categoricas__exang_0,categoricas__exang_1,categoricas__slope_0,categoricas__slope_1,categoricas__slope_2,categoricas__ca_0,categoricas__ca_1,categoricas__ca_2,categoricas__ca_3,categoricas__ca_4,categoricas__thal_0,categoricas__thal_1,categoricas__thal_2,categoricas__thal_3,target
59,0.28906185874545265,-0.19208565072815995,1.2227835155518616,0.40512154436057446,-0.8896762421455466,1.0,0.0,1.0,0.0,0.0,0.0,1.0,0.0,1.0,0.0,0.0,1.0,0.0,0.0,0.0,1.0,0.0,1.0,0.0,0.0,0.0,0.0,0.0,1.0,0.0,1
247,1.2671822512866173,1.5905431560294383,0.03543798977707383,-1.3642731561250392,-0.8896762421455466,0.0,1.0,0.0,1.0,0.0,0.0,1.0,0.0,0.0,1.0,0.0,0.0,1.0,0.0,1.0,0.0,0.0,0.0,0.0,1.0,0.0,0.0,1.0,0.0,0.0,0
289,0.07170177151408275,-0.19208565072815995,-0.8186175638504051,-0.9105822072825741,0.7717881077736839,1.0,0.0,1.0,0.0,0.0,0.0,1.0,0.0,0.0,0.0,1.0,0.0,1.0,0.0,1.0,0.0,0.0,1.0,0.0,0.0,0.0,0.0,0.0,0.0,1.0,0
288,0.28906185874545265,-1.194814354529309,1.8893634598464792,-0.3207839737873696,1.6025202827332992,0.0,1.0,1.0,0.0,0.0,0.0,1.0,0.0,0.0,1.0,0.0,0.0,1.0,0.0,1.0,0.0,0.0,1.0,0.0,0.0,0.0,0.0,0.0,0.0,1.0,0
64,0.39774190236113766,0.47640015180593936,-0.6936338242951642,0.6773361136660534,-0.8896762421455466,0.0,1.0,0.0,0.0,1.0,0.0,0.0,1.0,1.0,0.0,0.0,1.0,0.0,0.0,0.0,1.0,1.0,0.0,0.0,0.0,0.0,0.0,0.0,1.0,0.0,1
29,-0.14565831571728718,-0.08067135030581006,-0.9852625499240595,0.08753788017084892,0.10720236780599164,0.0,1.0,0.0,0.0,1.0,0.0,0.0,1.0,1.0,0.0,0.0,1.0,0.0,1.0,0.0,0.0,1.0,0.0,0.0,0.0,0.0,0.0,0.0,1.0,0.0,1
19,1.5932223821336722,0.47640015180593936,-0.11037637303737378,0.04216878528660241,0.6056416727817608,1.0,0.0,0.0,0.0,0.0,1.0,1.0,0.0,0.0,1.0,0.0,1.0,0.0,0.0,0.0,1.0,0.0,0.0,1.0,0.0,0.0,0.0,0.0,1.0,0.0,1
104,-0.47169844656434207,-0.136378500516985,-1.0060931731832663,0.5865979238975605,-0.8896762421455466,0.0,1.0,0.0,0.0,1.0,0.0,1.0,0.0,0.0,1.0,0.0,1.0,0.0,0.0,0.0,1.0,1.0,0.0,0.0,0.0,0.0,0.0,0.0,1.0,0.0,1
198,0.8324620768238775,-0.6377428524175595,0.4728810782204167,-2.3170241486942156,0.6056416727817608,0.0,1.0,1.0,0.0,0.0,0.0,1.0,0.0,0.0,1.0,0.0,0.0,1.0,0.0,1.0,0.0,0.0,0.0,1.0,0.0,0.0,0.0,0.0,0.0,1.0,0
1,-1.8845390135682467,-0.08067135030581006,0.11876048281390104,1.6754562011194765,2.0178863702131067,0.0,1.0,0.0,0.0,1.0,0.0,1.0,0.0,0.0,1.0,0.0,1.0,0.0,1.0,0.0,0.0,1.0,0.0,0.0,0.0,0.0,0.0,0.0,1.0,0.0,1
230,-0.797738577411397,-1.3062286549516589,-0.027053880000546572,0.08753788017084892,-0.8896762421455466,0.0,1.0,0.0,0.0,1.0,0.0,1.0,0.0,0.0,1.0,0.0,1.0,0.0,0.0,0.0,1.0,1.0,0.0,0.0,0.0,0.0,0.0,0.0,1.0,0.0,0
119,-0.9064186210270819,0.3649858513835895,-0.027053880000546572,0.08753788017084892,-0.8896762421455466,1.0,0.0,1.0,0.0,0.0,0.0,1.0,0.0,1.0,0.0,0.0,0.0,1.0,0.0,1.0,0.0,1.0,0.0,0.0,0.0,0.0,0.0,0.0,1.0,0.0,1
205,-0.25433835933297216,-0.19208565072815995,0.22291359910993505,0.4958597341290674,-0.8896762421455466,0.0,1.0,1.0,0.0,0.0,0.0,1.0,0.0,0.0,1.0,0.0,0.0,1.0,0.0,0.0,1.0,0.0,1.0,0.0,0.0,0.0,0.0,0.0,0.0,1.0,0
172,0.39774190236113766,-0.6377428524175595,0.8270016736269323,0.4504906392448209,0.6056416727817608,0.0,1.0,0.0,1.0,0.0,0.0,1.0,0.0,1.0,0.0,0.0,1.0,0.0,0.0,1.0,0.0,1.0,0.0,0.0,0.0,0.0,0.0,0.0,1.0,0.0,0
178,-1.2324587518741368,-0.6377428524175595,-1.4018750151081956,-1.3642731561250392,1.1871541952534914,0.0,1.0,1.0,0.0,0.0,0.0,1.0,0.0,1.0,0.0,0.0,0.0,1.0,0.0,1.0,0.0,1.0,0.0,0.0,0.0,0.0,0.0,0.0,0.0,1.0,0
3,0.1803818151297677,-0.6377428524175595,-0.1728682428149942,1.267134347161258,-0.22509050217785437,0.0,1.0,0.0,1.0,0.0,0.0,1.0,0.0,0.0,1.0,0.0,1.0,0.0,0.0,0.0,1.0,1.0,0.0,0.0,0.0,0.0,0.0,0.0,1.0,0.0,1
233,1.0498221640552474,-0.6377428524175595,0.03543798977707383,-2.453131433346955,0.9379345427656071,0.0,1.0,1.0,0.0,0.0,0.0,1.0,0.0,1.0,0.0,0.0,0.0,1.0,1.0,0.0,0.0,0.0,1.0,0.0,0.0,0.0,0.0,0.0,1.0,0.0,0
246,0.1803818151297677,0.14215725053888972,3.4308295810277825,-0.003200309597644094,0.6887148902777223,1.0,0.0,1.0,0.0,0.0,0.0,1.0,0.0,1.0,0.0,0.0,0.0,1.0,0.0,1.0,0.0,0.0,0.0,1.0,0.0,0.0,0.0,0.0,0.0,1.0,0
17,1.2671822512866173,1.033471653917689,-0.3811744754070622,-1.6364877254305181,1.270227412749453,1.0,0.0,0.0,0.0,0.0,1.0,1.0,0.0,0.0,1.0,0.0,1.0,0.0,1.0,0.0,0.0,1.0,0.0,0.0,0.0,0.0,0.0,0.0,1.0,0.0,1
33,-0.03697827210160222,-0.35920710136168477,0.5978648177756575,0.08753788017084892,-0.474310154665739,0.0,1.0,0.0,0.0,1.0,0.0,1.0,0.0,1.0,0.0,0.0,1.0,0.0,1.0,0.0,0.0,0.0,1.0,0.0,0.0,0.0,0.0,0.0,1.0,0.0,1
199,1.1585022076709324,-1.194814354529309,0.07709923629548744,0.35975244947632795,-0.3912369371697775,0.0,1.0,1.0,0.0,0.0,0.0,1.0,0.0,1.0,0.0,0.0,1.0,0.0,0.0,0.0,1.0,0.0,0.0,1.0,0.0,0.0,0.0,1.0,0.0,0.0,0
22,-1.3411387954898217,0.47640015180593936,-0.3811744754070622,1.267134347161258,-0.8896762421455466,0.0,1.0,1.0,0.0,0.0,0.0,1.0,0.0,0.0,1.0,0.0,1.0,0.0,0.0,0.0,1.0,1.0,0.0,0.0,0.0,0.0,0.0,0.0,1.0,0.0,1
124,-1.6671789263368766,-2.0861287579081083,-0.9436013034056459,1.3125034420455044,-0.8896762421455466,1.0,0.0,0.0,0.0,1.0,0.0,1.0,0.0,0.0,1.0,0.0,1.0,0.0,0.0,0.0,1.0,1.0,0.0,0.0,0.0,0.0,0.0,0.0,1.0,0.0,1
66,-0.3630184029486571,-1.7518858566410584,-0.46449696844388944,-0.3207839737873696,0.10720236780599164,0.0,1.0,0.0,0.0,1.0,0.0,1.0,0.0,0.0,1.0,0.0,0.0,1.0,0.0,1.0,0.0,1.0,0.0,0.0,0.0,0.0,0.0,0.0,1.0,0.0,1
132,-1.3411387954898217,-0.6377428524175595,1.056138529478207,0.5412288290133139,-0.8896762421455466,0.0,1.0,0.0,1.0,0.0,0.0,1.0,0.0,0.0,1.0,0.0,1.0,0.0,0.0,0.0,1.0,1.0,0.0,0.0,0.0,0.0,0.0,0.0,1.0,0.0,1
177,1.0498221640552474,0.47640015180593936,1.8893634598464792,0.35975244947632795,-0.8896762421455466,0.0,1.0,0.0,0.0,1.0,0.0,1.0,0.0,0.0,1.0,0.0,1.0,0.0,0.0,0.0,1.0,1.0,0.0,0.0,0.0,0.0,0.0,0.0,1.0,0.0,0
138,0.28906185874545265,-1.194814354529309,-0.9019400568872322,-1.0920585868195603,0.35642202029387626,0.0,1.0,1.0,0.0,0.0,0.0,1.0,0.0,0.0,1.0,0.0,0.0,1.0,0.0,1.0,0.0,1.0,0.0,0.0,0.0,0.0,0.0,1.0,0.0,0.0,1
16,0.39774190236113766,-0.6377428524175595,1.993516576142513,0.994919777855779,-0.8896762421455466,1.0,0.0,0.0,0.0,1.0,0.0,1.0,0.0,0.0,1.0,0.0,1.0,0.0,0.0,0.0,1.0,1.0,0.0,0.0,0.0,0.0,0.0,0.0,1.0,0.0,1
250,-0.3630184029486571,0.47640015180593936,1.1186303992558275,-1.2735349663565463,2.5993988926848375,0.0,1.0,1.0,0.0,0.0,0.0,1.0,0.0,0.0,1.0,0.0,0.0,1.0,0.0,1.0,0.0,0.0,0.0,0.0,1.0,0.0,0.0,0.0,0.0,1.0,0
98,-1.2324587518741368,-0.08067135030581006,1.4727509946623432,0.5412288290133139,0.6887148902777223,0.0,1.0,0.0,0.0,1.0,0.0,1.0,0.0,0.0,1.0,0.0,1.0,0.0,0.0,0.0,1.0,0.0,1.0,0.0,0.0,0.0,0.0,0.0,1.0,0.0,1
214,0.1803818151297677,-0.35920710136168477,0.09792985955469424,-0.2754148789031231,0.10720236780599164,0.0,1.0,1.0,0.0,0.0,0.0,0.0,1.0,1.0,0.0,0.0,0.0,1.0,0.0,1.0,0.0,0.0,1.0,0.0,0.0,0.0,0.0,0.0,1.0,0.0,0
45,-0.25433835933297216,-0.6377428524175595,1.681057227254411,0.994919777855779,-0.7235298071536236,0.0,1.0,0.0,1.0,0.0,0.0,1.0,0.0,0.0,1.0,0.0,1.0,0.0,0.0,0.0,1.0,1.0,0.0,0.0,0.0,0.0,0.0,0.0,1.0,0.0,1
295,0.9411421204395625,0.47640015180593936,-1.1935687825161274,-0.2754148789031231,2.433252457692914,0.0,1.0,1.0,0.0,0.0,0.0,1.0,0.0,1.0,0.0,0.0,0.0,1.0,0.0,0.0,1.0,0.0,0.0,1.0,0.0,0.0,0.0,0.0,0.0,1.0,0
71,-0.3630184029486571,-2.0861287579081083,-0.3603438521478554,0.17827606993934192,-0.8896762421455466,0.0,1.0,0.0,0.0,1.0,0.0,1.0,0.0,0.0,1.0,0.0,0.0,1.0,0.0,0.0,1.0,0.0,1.0,0.0,0.0,0.0,0.0,0.0,0.0,1.0,1
189,-1.4498188391055067,-1.194814354529309,-1.5060281314042294,0.35975244947632795,-0.8896762421455466,0.0,1.0,1.0,0.0,0.0,0.0,1.0,0.0,1.0,0.0,0.0,1.0,0.0,0.0,0.0,1.0,1.0,0.0,0.0,0.0,0.0,0.0,0.0,0.0,1.0,0
81,-1.0150986646427669,-0.19208565072815995,1.3269366318478955,0.904181588087286,-0.8896762421455466,0.0,1.0,0.0,1.0,0.0,0.0,1.0,0.0,1.0,0.0,0.0,1.0,0.0,0.0,0.0,1.0,1.0,0.0,0.0,0.0,0.0,0.0,0.0,1.0,0.0,1
87,-0.9064186210270819,-1.6961787064298834,-0.9852625499240595,0.26901425970783494,-0.8896762421455466,0.0,1.0,0.0,1.0,0.0,0.0,0.0,1.0,0.0,1.0,0.0,1.0,0.0,0.0,0.0,1.0,1.0,0.0,0.0,0.0,0.0,0.0,0.0,0.0,1.0,1
109,-0.47169844656434207,-1.194814354529309,0.20208297585072824,0.40512154436057446,-0.8896762421455466,1.0,0.0,1.0,0.0,0.0,0.0,1.0,0.0,1.0,0.0,0.0,1.0,0.0,0.0,0.0,1.0,1.0,0.0,0.0,0.0,0.0,0.0,0.0,1.0,0.0,1
97,-0.25433835933297216,-1.3062286549516589,-0.23536011259261458,-0.1393075942503836,-0.8066030246495851,0.0,1.0,1.0,0.0,0.0,0.0,0.0,1.0,0.0,1.0,0.0,1.0,0.0,0.0,0.0,1.0,0.0,0.0,0.0,1.0,0.0,0.0,0.0,0.0,1.0,1
270,-0.9064186210270819,-0.6377428524175595,0.09792985955469424,-0.2754148789031231,-0.22509050217785437,0.0,1.0,1.0,0.0,0.0,0.0,1.0,0.0,1.0,0.0,0.0,1.0,0.0,0.0,0.0,1.0,1.0,0.0,0.0,0.0,0.0,0.0,0.0,0.0,1.0,0
147,0.6151019895925076,1.033471653917689,-0.08954574977816698,0.9495506829715324,-0.14201728468189287,1.0,0.0,0.0,0.0,0.0,1.0,1.0,0.0,0.0,1.0,0.0,1.0,0.0,0.0,0.0,1.0,1.0,0.0,0.0,0.0,0.0,0.0,0.0,1.0,0.0,1
60,1.810582469365042,-1.194814354529309,0.43121983170200306,-0.9105822072825741,-0.8896762421455466,1.0,0.0,0.0,0.0,1.0,0.0,0.0,1.0,1.0,0.0,0.0,1.0,0.0,0.0,0.0,1.0,0.0,1.0,0.0,0.0,0.0,0.0,0.0,1.0,0.0,1
235,-0.3630184029486571,0.47640015180593936,1.1394610225150343,1.0402888727400255,0.43949523778983784,0.0,1.0,1.0,0.0,0.0,0.0,1.0,0.0,0.0,1.0,0.0,0.0,1.0,0.0,0.0,1.0,1.0,0.0,0.0,0.0,0.0,0.0,0.0,0.0,1.0,0
101,0.5064219459768226,2.5932718598305873,0.535372947998037,-0.2300457840188766,2.5993988926848375,0.0,1.0,0.0,0.0,0.0,1.0,1.0,0.0,1.0,0.0,0.0,1.0,0.0,1.0,0.0,0.0,1.0,0.0,0.0,0.0,0.0,0.0,0.0,0.0,1.0,1
259,-1.7758589699525618,-0.6377428524175595,-0.2770213591110282,1.448610726698244,2.2671060227009914,0.0,1.0,0.0,0.0,0.0,1.0,1.0,0.0,0.0,1.0,0.0,0.0,1.0,0.0,1.0,0.0,1.0,0.0,0.0,0.0,0.0,0.0,0.0,0.0,1.0,0
20,0.5064219459768226,0.19786440075006467,-0.2145294893334078,0.4958597341290674,-0.474310154665739,0.0,1.0,1.0,0.0,0.0,0.0,1.0,0.0,0.0,1.0,0.0,1.0,0.0,0.0,1.0,0.0,1.0,0.0,0.0,0.0,0.0,0.0,0.0,0.0,1.0,1
168,0.9411421204395625,-0.08067135030581006,0.20208297585072824,-0.1393075942503836,0.2733488027979147,0.0,1.0,1.0,0.0,0.0,0.0,1.0,0.0,1.0,0.0,0.0,1.0,0.0,0.0,1.0,0.0,0.0,1.0,0.0,0.0,0.0,0.0,0.0,0.0,1.0,0
145,1.7019024257493571,1.3677145551847385,0.014607366517867032,-0.3207839737873696,-0.8896762421455466,0.0,1.0,0.0,1.0,0.0,0.0,1.0,0.0,1.0,0.0,0.0,1.0,0.0,0.0,0.0,1.0,1.0,0.0,0.0,0.0,0.0,0.0,0.0,1.0,0.0,1
143,1.3758622949023023,-1.4176429553740086,-0.4436663451846826,-0.3661530686716161,-0.6404565896576621,1.0,0.0,1.0,0.0,0.0,0.0,1.0,0.0,0.0,1.0,0.0,1.0,0.0,0.0,0.0,1.0,0.0,0.0,1.0,0.0,0.0,0.0,0.0,1.0,0.0,1
200,-1.1237787082584518,-1.194814354529309,-0.9852625499240595,1.2217652522770115,-0.8896762421455466,0.0,1.0,1.0,0.0,0.0,0.0,1.0,0.0,1.0,0.0,0.0,1.0,0.0,0.0,0.0,1.0,0.0,1.0,0.0,0.0,0.0,0.0,0.0,1.0,0.0,0
216,0.8324620768238775,-0.08067135030581006,0.3895585851835895,-2.407762338462709,0.10720236780599164,1.0,0.0,0.0,0.0,1.0,0.0,1.0,0.0,0.0,1.0,0.0,1.0,0.0,0.0,1.0,0.0,0.0,1.0,0.0,0.0,0.0,0.0,0.0,0.0,1.0,0
213,0.7237820332081926,0.7549359028618141,1.3061060085886886,-0.18467668913463012,-0.05894406718593136,1.0,0.0,1.0,0.0,0.0,0.0,1.0,0.0,1.0,0.0,0.0,0.0,1.0,0.0,1.0,0.0,1.0,0.0,0.0,0.0,0.0,0.0,0.0,0.0,1.0,0
47,-0.797738577411397,0.3649858513835895,0.26457484562834865,0.26901425970783494,-0.8896762421455466,0.0,1.0,0.0,0.0,1.0,0.0,1.0,0.0,1.0,0.0,0.0,1.0,0.0,0.0,0.0,1.0,1.0,0.0,0.0,0.0,0.0,0.0,0.0,1.0,0.0,1
173,0.39774190236113766,0.030742950116539828,-0.4228357219254758,1.0402888727400255,1.7686667177252224,0.0,1.0,0.0,0.0,1.0,0.0,1.0,0.0,1.0,0.0,0.0,1.0,0.0,0.0,0.0,1.0,0.0,0.0,1.0,0.0,0.0,0.0,0.0,0.0,1.0,0
117,0.1803818151297677,-0.6377428524175595,-1.0685850429608867,0.5412288290133139,0.6887148902777223,0.0,1.0,0.0,0.0,0.0,1.0,1.0,0.0,1.0,0.0,0.0,1.0,0.0,0.0,1.0,0.0,1.0,0.0,0.0,0.0,0.0,0.0,0.0,0.0,1.0,1
40,-0.3630184029486571,0.47640015180593936,1.3269366318478955,-0.3661530686716161,0.35642202029387626,1.0,0.0,0.0,0.0,1.0,0.0,1.0,0.0,1.0,0.0,0.0,1.0,0.0,0.0,0.0,1.0,0.0,1.0,0.0,0.0,0.0,0.0,0.0,1.0,0.0,1
238,2.462662731059152,-0.35920710136168477,1.2436141388110684,0.5412288290133139,-0.8896762421455466,0.0,1.0,1.0,0.0,0.0,0.0,1.0,0.0,1.0,0.0,0.0,0.0,1.0,0.0,0.0,1.0,0.0,0.0,0.0,1.0,0.0,0.0,0.0,1.0,0.0,0
277,0.28906185874545265,-0.4149142515728597,0.34789733866517586,-0.41152216355586263,-0.6404565896576621,0.0,1.0,0.0,1.0,0.0,0.0,1.0,0.0,0.0,1.0,0.0,1.0,0.0,0.0,0.0,1.0,1.0,0.0,0.0,0.0,0.0,0.0,0.0,0.0,1.0,0
42,-1.0150986646427669,-1.5290572557963586,-0.7561256940727846,-0.0939384993661371,1.6025202827332992,0.0,1.0,1.0,0.0,0.0,0.0,1.0,0.0,1.0,0.0,0.0,0.0,1.0,0.0,1.0,0.0,1.0,0.0,0.0,0.0,0.0,0.0,0.0,1.0,0.0,1
67,-1.0150986646427669,-0.08067135030581006,-0.2145294893334078,1.1310270625085186,-0.3912369371697775,1.0,0.0,0.0,1.0,0.0,0.0,1.0,0.0,1.0,0.0,0.0,1.0,0.0,0.0,1.0,0.0,1.0,0.0,0.0,0.0,0.0,0.0,0.0,1.0,0.0,1
10,-0.03697827210160222,0.47640015180593936,-0.11037637303737378,0.4504906392448209,0.10720236780599164,0.0,1.0,1.0,0.0,0.0,0.0,1.0,0.0,0.0,1.0,0.0,1.0,0.0,0.0,0.0,1.0,1.0,0.0,0.0,0.0,0.0,0.0,0.0,1.0,0.0,1
160,0.1803818151297677,-0.6377428524175595,-0.08954574977816698,0.8588124932030394,-0.8896762421455466,0.0,1.0,0.0,1.0,0.0,0.0,1.0,0.0,0.0,1.0,0.0,1.0,0.0,1.0,0.0,0.0,1.0,0.0,0.0,0.0,0.0,0.0,0.0,1.0,0.0,1
152,1.0498221640552474,2.1476146581411877,-0.3603438521478554,0.22364516482358843,-0.3912369371697775,0.0,1.0,0.0,0.0,0.0,1.0,1.0,0.0,1.0,0.0,0.0,1.0,0.0,0.0,1.0,0.0,1.0,0.0,0.0,0.0,0.0,0.0,0.0,0.0,1.0,1
80,-1.4498188391055067,-1.083400054106959,0.11876048281390104,1.3125034420455044,-0.8896762421455466,0.0,1.0,0.0,0.0,1.0,0.0,1.0,0.0,0.0,1.0,0.0,1.0,0.0,0.0,0.0,1.0,1.0,0.0,0.0,0.0,0.0,0.0,0.0,1.0,0.0,1
77,0.5064219459768226,0.47640015180593936,-0.4853275917030962,0.6319670187818069,-0.8896762421455466,0.0,1.0,0.0,1.0,0.0,0.0,1.0,0.0,0.0,1.0,0.0,0.0,1.0,0.0,0.0,1.0,1.0,0.0,0.0,0.0,0.0,0.0,0.0,1.0,0.0,1
182,0.7237820332081926,-0.08067135030581006,1.7852103435504452,0.8588124932030394,-0.8896762421455466,1.0,0.0,1.0,0.0,0.0,0.0,1.0,0.0,1.0,0.0,0.0,1.0,0.0,0.0,0.0,1.0,1.0,0.0,0.0,0.0,0.0,0.0,0.0,1.0,0.0,0
260,1.2671822512866173,2.5932718598305873,-0.3395132288886486,0.6773361136660534,-0.05894406718593136,1.0,0.0,1.0,0.0,0.0,0.0,0.0,1.0,0.0,1.0,0.0,0.0,1.0,0.0,1.0,0.0,0.0,0.0,1.0,0.0,0.0,0.0,0.0,0.0,1.0,0
154,-1.6671789263368766,0.3649858513835895,-0.5061582149623031,0.08753788017084892,-0.8896762421455466,1.0,0.0,0.0,0.0,1.0,0.0,1.0,0.0,0.0,1.0,0.0,1.0,0.0,0.0,1.0,0.0,1.0,0.0,0.0,0.0,0.0,0.0,0.0,1.0,0.0,1
222,1.1585022076709324,0.3649858513835895,0.7853404271085187,1.085657967624272,0.2733488027979147,0.0,1.0,0.0,0.0,0.0,1.0,0.0,1.0,1.0,0.0,0.0,1.0,0.0,0.0,1.0,0.0,0.0,1.0,0.0,0.0,0.0,0.0,0.0,1.0,0.0,0
280,-1.3411387954898217,0.2535715509612396,1.4727509946623432,-1.1374276817038067,0.6056416727817608,0.0,1.0,1.0,0.0,0.0,0.0,1.0,0.0,0.0,1.0,0.0,0.0,1.0,0.0,1.0,0.0,1.0,0.0,0.0,0.0,0.0,0.0,1.0,0.0,0.0,0
175,-1.5584988827211916,-1.194814354529309,-1.6101812477002635,-1.6364877254305181,0.7717881077736839,0.0,1.0,1.0,0.0,0.0,0.0,1.0,0.0,1.0,0.0,0.0,0.0,1.0,0.0,1.0,0.0,1.0,0.0,0.0,0.0,0.0,0.0,0.0,0.0,1.0,0
161,0.07170177151408275,0.030742950116539828,2.035177822660927,0.7227052085503,0.10720236780599164,1.0,0.0,0.0,1.0,0.0,0.0,1.0,0.0,0.0,1.0,0.0,1.0,0.0,0.0,0.0,1.0,1.0,0.0,0.0,0.0,0.0,0.0,0.0,1.0,0.0,1
122,-1.4498188391055067,-1.083400054106959,0.49371170147962345,0.994919777855779,-0.8896762421455466,1.0,0.0,0.0,0.0,1.0,0.0,1.0,0.0,1.0,0.0,0.0,0.0,1.0,0.0,0.0,1.0,1.0,0.0,0.0,0.0,0.0,0.0,0.0,1.0,0.0,1
265,1.2671822512866173,-1.083400054106959,-0.6728032010359575,-0.8198440175140812,-0.8066030246495851,0.0,1.0,1.0,0.0,0.0,0.0,1.0,0.0,1.0,0.0,0.0,0.0,1.0,0.0,0.0,1.0,0.0,1.0,0.0,0.0,0.0,0.0,0.0,1.0,0.0,0
32,-1.1237787082584518,-0.08067135030581006,-0.5269888382215098,1.720825296003723,-0.8896762421455466,0.0,1.0,0.0,1.0,0.0,0.0,1.0,0.0,1.0,0.0,0.0,1.0,0.0,0.0,0.0,1.0,1.0,0.0,0.0,0.0,0.0,0.0,0.0,1.0,0.0,1
208,-0.5803784901800271,-0.6377428524175595,-1.1727381592569206,-0.5022603533243556,0.7717881077736839,0.0,1.0,0.0,0.0,1.0,0.0,1.0,0.0,0.0,1.0,0.0,1.0,0.0,0.0,1.0,0.0,0.0,0.0,0.0,1.0,0.0,0.0,0.0,0.0,1.0,0
25,1.810582469365042,1.5905431560294383,1.2019528922926548,0.5412288290133139,-0.5573833721617005,1.0,0.0,0.0,1.0,0.0,0.0,1.0,0.0,0.0,1.0,0.0,1.0,0.0,0.0,0.0,1.0,0.0,0.0,1.0,0.0,0.0,0.0,0.0,1.0,0.0,1
128,-0.25433835933297216,0.2535715509612396,-1.0060931731832663,0.8588124932030394,-0.8066030246495851,1.0,0.0,0.0,0.0,1.0,0.0,1.0,0.0,1.0,0.0,0.0,1.0,0.0,0.0,1.0,0.0,1.0,0.0,0.0,0.0,0.0,0.0,0.0,1.0,0.0,1
243,0.28906185874545265,1.1448859543400387,0.6186954410348643,-2.8160841924209272,0.10720236780599164,0.0,1.0,1.0,0.0,0.0,0.0,1.0,0.0,0.0,1.0,0.0,0.0,1.0,0.0,1.0,0.0,0.0,1.0,0.0,0.0,0.0,0.0,0.0,0.0,1.0,0
244,0.1803818151297677,0.030742950116539828,-1.2560606522937479,-2.044809579388737,0.8548613252696455,0.0,1.0,1.0,0.0,0.0,0.0,1.0,0.0,1.0,0.0,0.0,0.0,1.0,0.0,1.0,0.0,0.0,1.0,0.0,0.0,0.0,0.0,1.0,0.0,0.0,0
193,0.6151019895925076,0.7549359028618141,0.7853404271085187,-0.3661530686716161,1.4363738477413759,0.0,1.0,1.0,0.0,0.0,0.0,1.0,0.0,1.0,0.0,0.0,0.0,1.0,0.0,1.0,0.0,0.0,0.0,1.0,0.0,0.0,0.0,0.0,0.0,1.0,0
114,0.07170177151408275,-0.08067135030581006,0.3687279619243827,0.22364516482358843,-0.8896762421455466,0.0,1.0,0.0,1.0,0.0,0.0,1.0,0.0,0.0,1.0,0.0,1.0,0.0,0.0,0.0,1.0,1.0,0.0,0.0,0.0,0.0,0.0,0.0,1.0,0.0,1
255,-1.0150986646427669,0.5878144522282893,1.3477672551071023,-0.1393075942503836,-0.8896762421455466,0.0,1.0,1.0,0.0,0.0,0.0,1.0,0.0,1.0,0.0,0.0,0.0,1.0,0.0,1.0,0.0,0.0,0.0,0.0,1.0,0.0,0.0,0.0,0.0,1.0,0
237,0.6151019895925076,0.47640015180593936,1.0144772829597934,0.904181588087286,0.10720236780599164,0.0,1.0,1.0,0.0,0.0,0.0,1.0,0.0,1.0,0.0,0.0,1.0,0.0,0.0,1.0,0.0,0.0,0.0,1.0,0.0,0.0,0.0,0.0,0.0,1.0,0
55,-0.25433835933297216,0.14215725053888972,-0.9019400568872322,0.35975244947632795,-0.22509050217785437,0.0,1.0,0.0,1.0,0.0,0.0,1.0,0.0,0.0,1.0,0.0,1.0,0.0,0.0,0.0,1.0,0.0,1.0,0.0,0.0,0.0,0.0,0.0,1.0,0.0,1
242,1.0498221640552474,0.7549359028618141,-0.6728032010359575,-0.8198440175140812,0.7717881077736839,0.0,1.0,1.0,0.0,0.0,0.0,1.0,0.0,1.0,0.0,0.0,1.0,0.0,0.0,1.0,0.0,0.0,0.0,1.0,0.0,0.0,0.0,1.0,0.0,0.0,0
171,-0.689058533795712,-1.194814354529309,-0.3186826056294418,0.813443398318793,-0.05894406718593136,0.0,1.0,0.0,1.0,0.0,0.0,1.0,0.0,0.0,1.0,0.0,1.0,0.0,1.0,0.0,0.0,1.0,0.0,0.0,0.0,0.0,0.0,0.0,0.0,1.0,0
146,-1.1237787082584518,-0.7491571528399094,-0.04788450325975337,-0.0485694044818906,-0.6404565896576621,1.0,0.0,0.0,0.0,1.0,0.0,1.0,0.0,0.0,1.0,0.0,1.0,0.0,0.0,1.0,0.0,0.0,1.0,0.0,0.0,0.0,0.0,0.0,1.0,0.0,1
254,0.5064219459768226,1.5905431560294383,0.5978648177756575,-1.1374276817038067,-0.8896762421455466,0.0,1.0,0.0,0.0,0.0,1.0,1.0,0.0,1.0,0.0,0.0,1.0,0.0,0.0,0.0,1.0,1.0,0.0,0.0,0.0,0.0,0.0,0.0,1.0,0.0,0
210,0.28906185874545265,-0.19208565072815995,-0.3186826056294418,-0.003200309597644094,-0.5573833721617005,0.0,1.0,0.0,0.0,1.0,0.0,1.0,0.0,1.0,0.0,0.0,1.0,0.0,0.0,1.0,0.0,0.0,1.0,0.0,0.0,0.0,0.0,0.0,0.0,1.0,0
273,0.39774190236113766,-1.7518858566410584,-0.2145294893334078,0.26901425970783494,-0.8066030246495851,0.0,1.0,1.0,0.0,0.0,0.0,1.0,0.0,0.0,1.0,0.0,1.0,0.0,0.0,0.0,1.0,0.0,1.0,0.0,0.0,0.0,0.0,0.0,0.0,1.0,0
276,0.39774190236113766,0.810643053072989,-0.5478194614807166,-2.044809579388737,0.7717881077736839,0.0,1.0,1.0,0.0,0.0,0.0,1.0,0.0,0.0,1.0,0.0,1.0,0.0,0.0,1.0,0.0,0.0,1.0,0.0,0.0,0.0,0.0,0.0,0.0,1.0,0
249,1.5932223821336722,0.47640015180593936,0.20208297585072824,-0.18467668913463012,0.7717881077736839,0.0,1.0,0.0,0.0,1.0,0.0,1.0,0.0,1.0,0.0,0.0,1.0,0.0,0.0,1.0,0.0,0.0,0.0,0.0,1.0,0.0,0.0,0.0,0.0,1.0,0
58,-2.2105791444153016,-0.7491571528399094,-1.2977218988121615,1.085657967624272,-0.8896762421455466,0.0,1.0,0.0,0.0,0.0,1.0,1.0,0.0,1.0,0.0,0.0,1.0,0.0,0.0,0.0,1.0,1.0,0.0,0.0,0.0,0.0,0.0,0.0,1.0,0.0,1
258,0.8324620768238775,1.033471653917689,-0.006223256741339769,0.17827606993934192,0.2733488027979147,1.0,0.0,1.0,0.0,0.0,0.0,1.0,0.0,0.0,1.0,0.0,0.0,1.0,0.0,1.0,0.0,1.0,0.0,0.0,0.0,0.0,0.0,0.0,1.0,0.0,0
73,-0.3630184029486571,0.47640015180593936,0.34789733866517586,1.63008710623523,-0.8896762421455466,0.0,1.0,1.0,0.0,0.0,0.0,1.0,0.0,1.0,0.0,0.0,0.0,1.0,0.0,0.0,1.0,1.0,0.0,0.0,0.0,0.0,0.0,0.0,1.0,0.0,1
56,-0.689058533795712,-0.5263285519952097,-0.46449696844388944,1.63008710623523,-0.8896762421455466,0.0,1.0,1.0,0.0,0.0,0.0,1.0,0.0,1.0,0.0,0.0,1.0,0.0,0.0,0.0,1.0,1.0,0.0,0.0,0.0,0.0,0.0,0.0,1.0,0.0,1
110,1.0498221640552474,2.7046861602529373,1.681057227254411,0.17827606993934192,-0.8896762421455466,1.0,0.0,1.0,0.0,0.0,0.0,1.0,0.0,0.0,1.0,0.0,0.0,1.0,0.0,0.0,1.0,1.0,0.0,0.0,0.0,0.0,0.0,0.0,1.0,0.0,1
256,0.39774190236113766,-0.19208565072815995,0.3062360921467623,-0.9105822072825741,1.6025202827332992,0.0,1.0,1.0,0.0,0.0,0.0,1.0,0.0,1.0,0.0,0.0,0.0,1.0,0.0,1.0,0.0,0.0,0.0,1.0,0.0,0.0,0.0,0.0,0.0,1.0,0
129,2.136622600212097,-0.6377428524175595,0.5145423247388303,-1.3189040612407927,-0.7235298071536236,1.0,0.0,0.0,1.0,0.0,0.0,1.0,0.0,1.0,0.0,0.0,0.0,1.0,0.0,0.0,1.0,0.0,1.0,0.0,0.0,0.0,0.0,0.0,1.0,0.0,1
15,-0.47169844656434207,-0.6377428524175595,-0.5269888382215098,0.35975244947632795,0.43949523778983784,1.0,0.0,0.0,0.0,1.0,0.0,1.0,0.0,0.0,1.0,0.0,1.0,0.0,0.0,1.0,0.0,1.0,0.0,0.0,0.0,0.0,0.0,0.0,1.0,0.0,1
251,-1.2324587518741368,0.030742950116539828,0.05626861303628063,-0.3207839737873696,-0.8066030246495851,0.0,1.0,1.0,0.0,0.0,0.0,0.0,1.0,1.0,0.0,0.0,0.0,1.0,0.0,1.0,0.0,0.0,0.0,0.0,0.0,1.0,0.0,0.0,0.0,1.0,0
108,-0.47169844656434207,-0.6377428524175595,-0.006223256741339769,0.5412288290133139,0.024129150310030233,1.0,0.0,0.0,1.0,0.0,0.0,1.0,0.0,0.0,1.0,0.0,1.0,0.0,0.0,0.0,1.0,1.0,0.0,0.0,0.0,0.0,0.0,0.0,1.0,0.0,1
94,-1.0150986646427669,-1.083400054106959,-1.7559956105147112,-0.5476294482086022,-0.8896762421455466,1.0,0.0,0.0,1.0,0.0,0.0,1.0,0.0,0.0,1.0,0.0,1.0,0.0,0.0,1.0,0.0,1.0,0.0,0.0,0.0,0.0,0.0,0.0,1.0,0.0,1
207,0.6151019895925076,1.033471653917689,0.28540546888755547,0.31438335459208144,1.270227412749453,1.0,0.0,1.0,0.0,0.0,0.0,1.0,0.0,1.0,0.0,0.0,1.0,0.0,0.0,1.0,0.0,0.0,0.0,1.0,0.0,0.0,0.0,0.0,0.0,1.0,0
294,-1.1237787082584518,-0.6377428524175595,-1.5685200011818499,-0.2754148789031231,1.4363738477413759,0.0,1.0,1.0,0.0,0.0,0.0,1.0,0.0,0.0,1.0,0.0,0.0,1.0,1.0,0.0,0.0,1.0,0.0,0.0,0.0,0.0,0.0,1.0,0.0,0.0,0
266,0.07170177151408275,2.7046861602529373,1.7227184737728247,-1.5003804407777788,1.9348131527171453,1.0,0.0,1.0,0.0,0.0,0.0,1.0,0.0,0.0,0.0,1.0,0.0,1.0,0.0,1.0,0.0,1.0,0.0,0.0,0.0,0.0,0.0,0.0,1.0,0.0,0
195,0.5064219459768226,2.1476146581411877,1.701887850513618,-0.45689125844010914,1.9348131527171453,0.0,1.0,1.0,0.0,0.0,0.0,1.0,0.0,1.0,0.0,0.0,0.0,1.0,1.0,0.0,0.0,1.0,0.0,0.0,0.0,0.0,0.0,0.0,0.0,1.0,0
24,-1.5584988827211916,0.47640015180593936,-0.9436013034056459,1.267134347161258,0.2733488027979147,0.0,1.0,0.0,0.0,0.0,1.0,1.0,0.0,0.0,1.0,0.0,0.0,1.0,0.0,0.0,1.0,1.0,0.0,0.0,0.0,0.0,0.0,0.0,0.0,1.0,1
180,0.07170177151408275,0.030742950116539828,2.2643146785122017,-0.8198440175140812,0.10720236780599164,0.0,1.0,1.0,0.0,0.0,0.0,1.0,0.0,0.0,1.0,0.0,0.0,1.0,0.0,1.0,0.0,0.0,1.0,0.0,0.0,0.0,0.0,0.0,0.0,1.0,0
215,-1.2324587518741368,0.030742950116539828,2.01434719940172,-0.6383676379770952,1.6025202827332992,1.0,0.0,1.0,0.0,0.0,0.0,0.0,1.0,1.0,0.0,0.0,0.0,1.0,0.0,1.0,0.0,1.0,0.0,0.0,0.0,0.0,0.0,0.0,0.0,1.0,0
211,0.7237820332081926,-0.6377428524175595,0.32706671540596904,-0.45689125844010914,2.1009595877090685,0.0,1.0,1.0,0.0,0.0,0.0,1.0,0.0,0.0,1.0,0.0,0.0,1.0,0.0,1.0,0.0,0.0,1.0,0.0,0.0,0.0,0.0,0.0,0.0,1.0,0
126,-0.797738577411397,-1.083400054106959,-0.8394481871096119,-0.3207839737873696,-0.8066030246495851,0.0,1.0,1.0,0.0,0.0,0.0,1.0,0.0,0.0,1.0,0.0,1.0,0.0,0.0,0.0,1.0,1.0,0.0,0.0,0.0,0.0,0.0,0.0,1.0,0.0,1
74,-1.2324587518741368,-0.5263285519952097,-0.6519725777767507,0.6773361136660534,-0.7235298071536236,1.0,0.0,0.0,0.0,1.0,0.0,1.0,0.0,0.0,1.0,0.0,1.0,0.0,0.0,1.0,0.0,1.0,0.0,0.0,0.0,0.0,0.0,0.0,1.0,0.0,1
91,0.28906185874545265,0.030742950116539828,-0.7769563173319914,0.813443398318793,-0.8896762421455466,0.0,1.0,1.0,0.0,0.0,0.0,1.0,0.0,0.0,1.0,0.0,0.0,1.0,0.0,0.0,1.0,1.0,0.0,0.0,0.0,0.0,0.0,0.0,0.0,1.0,1
206,0.5064219459768226,-1.194814354529309,-0.11037637303737378,-0.3661530686716161,0.10720236780599164,0.0,1.0,1.0,0.0,0.0,0.0,1.0,0.0,1.0,0.0,0.0,0.0,1.0,0.0,1.0,0.0,0.0,1.0,0.0,0.0,0.0,0.0,0.0,0.0,1.0,0
229,1.0498221640552474,-0.35920710136168477,1.3477672551071023,-0.8652131123983277,0.6056416727817608,0.0,1.0,0.0,0.0,1.0,0.0,1.0,0.0,0.0,1.0,0.0,0.0,1.0,0.0,1.0,0.0,1.0,0.0,0.0,0.0,0.0,0.0,0.0,0.0,1.0,0
36,-0.03697827210160222,0.19786440075006467,1.2436141388110684,0.904181588087286,-0.8896762421455466,1.0,0.0,0.0,0.0,1.0,0.0,0.0,1.0,0.0,1.0,0.0,1.0,0.0,0.0,0.0,1.0,1.0,0.0,0.0,0.0,0.0,0.0,0.0,1.0,0.0,1
283,-1.5584988827211916,1.1448859543400387,-0.4436663451846826,1.4032416318139975,-0.8896762421455466,0.0,1.0,1.0,0.0,0.0,0.0,1.0,0.0,0.0,1.0,0.0,1.0,0.0,0.0,0.0,1.0,1.0,0.0,0.0,0.0,0.0,0.0,0.0,0.0,1.0,0
79,0.39774190236113766,-1.4733501055851836,-0.08954574977816698,0.17827606993934192,-0.3912369371697775,0.0,1.0,0.0,0.0,1.0,0.0,1.0,0.0,1.0,0.0,0.0,0.0,1.0,0.0,1.0,0.0,1.0,0.0,0.0,0.0,0.0,0.0,0.0,0.0,1.0,1
263,0.9411421204395625,-1.3062286549516589,0.5145423247388303,0.8588124932030394,0.6056416727817608,1.0,0.0,1.0,0.0,0.0,0.0,1.0,0.0,0.0,1.0,0.0,0.0,1.0,0.0,1.0,0.0,0.0,0.0,1.0,0.0,0.0,0.0,0.0,1.0,0.0,0
93,-0.03697827210160222,0.030742950116539828,0.9103241666637595,0.40512154436057446,-0.8896762421455466,1.0,0.0,0.0,1.0,0.0,0.0,0.0,1.0,1.0,0.0,0.0,0.0,1.0,0.0,0.0,1.0,0.0,1.0,0.0,0.0,0.0,0.0,0.0,1.0,0.0,1
57,-1.0150986646427669,-0.9162786034734343,0.32706671540596904,1.5847180113509836,-0.8896762421455466,0.0,1.0,1.0,0.0,0.0,0.0,1.0,0.0,1.0,0.0,0.0,1.0,0.0,0.0,0.0,1.0,1.0,0.0,0.0,0.0,0.0,0.0,0.0,1.0,0.0,1
278,0.39774190236113766,0.2535715509612396,1.5560734876991704,0.08753788017084892,-0.8896762421455466,1.0,0.0,0.0,1.0,0.0,0.0,0.0,1.0,1.0,0.0,0.0,1.0,0.0,0.0,0.0,1.0,0.0,0.0,1.0,0.0,0.0,0.0,0.0,1.0,0.0,0
34,-0.3630184029486571,-0.35920710136168477,-0.6519725777767507,-1.1374276817038067,0.2733488027979147,0.0,1.0,0.0,0.0,0.0,1.0,1.0,0.0,1.0,0.0,0.0,0.0,1.0,0.0,0.0,1.0,0.0,1.0,0.0,0.0,0.0,0.0,0.0,1.0,0.0,1
253,1.3758622949023023,-1.7518858566410584,1.1394610225150343,-1.1374276817038067,-0.14201728468189287,0.0,1.0,1.0,0.0,0.0,0.0,1.0,0.0,1.0,0.0,0.0,0.0,1.0,0.0,1.0,0.0,0.0,0.0,1.0,0.0,0.0,0.0,0.0,1.0,0.0,0
18,-1.2324587518741368,1.033471653917689,0.05626861303628063,0.9495506829715324,0.35642202029387626,0.0,1.0,1.0,0.0,0.0,0.0,1.0,0.0,0.0,1.0,0.0,1.0,0.0,0.0,0.0,1.0,1.0,0.0,0.0,0.0,0.0,0.0,0.0,1.0,0.0,1
196,-0.9064186210270819,1.033471653917689,-0.2770213591110282,-0.1393075942503836,2.1009595877090685,0.0,1.0,0.0,0.0,1.0,0.0,1.0,0.0,0.0,1.0,0.0,1.0,0.0,0.0,1.0,0.0,1.0,0.0,0.0,0.0,0.0,0.0,0.0,1.0,0.0,0
248,-0.03697827210160222,3.3731719627870365,0.8061710503677255,2.0384089601934487,-0.8896762421455466,0.0,1.0,0.0,1.0,0.0,0.0,1.0,0.0,1.0,0.0,0.0,1.0,0.0,0.0,0.0,1.0,0.0,1.0,0.0,0.0,0.0,0.0,0.0,0.0,1.0,0
76,-0.3630184029486571,-0.35920710136168477,0.014607366517867032,0.7227052085503,1.10408097775753,0.0,1.0,0.0,0.0,1.0,0.0,0.0,1.0,1.0,0.0,0.0,1.0,0.0,0.0,1.0,0.0,1.0,0.0,0.0,0.0,0.0,0.0,0.0,1.0,0.0,1
86,1.4845423385179872,-0.7491571528399094,0.6811873108124847,0.04216878528660241,-0.05894406718593136,0.0,1.0,0.0,0.0,1.0,0.0,1.0,0.0,0.0,1.0,0.0,1.0,0.0,0.0,0.0,1.0,0.0,1.0,0.0,0.0,0.0,0.0,0.0,0.0,1.0,1
153,1.2671822512866173,0.810643053072989,0.7020179340716914,0.08753788017084892,-0.8896762421455466,1.0,0.0,0.0,0.0,1.0,0.0,1.0,0.0,1.0,0.0,0.0,1.0,0.0,0.0,1.0,0.0,0.0,1.0,0.0,0.0,0.0,0.0,0.0,1.0,0.0,1
82,0.6151019895925076,-1.6404715562187084,1.5352428644399636,0.4504906392448209,-0.8896762421455466,1.0,0.0,0.0,0.0,1.0,0.0,1.0,0.0,0.0,1.0,0.0,1.0,0.0,0.0,0.0,1.0,0.0,1.0,0.0,0.0,0.0,0.0,0.0,1.0,0.0,1
5,0.28906185874545265,0.47640015180593936,-1.0894156662200936,-0.0939384993661371,-0.5573833721617005,0.0,1.0,1.0,0.0,0.0,0.0,1.0,0.0,0.0,1.0,0.0,1.0,0.0,0.0,1.0,0.0,1.0,0.0,0.0,0.0,0.0,0.0,1.0,0.0,0.0,1
227,-2.1018991007996166,-0.6377428524175595,-0.9644319266648527,-0.9105822072825741,0.43949523778983784,0.0,1.0,1.0,0.0,0.0,0.0,1.0,0.0,0.0,1.0,0.0,0.0,1.0,0.0,1.0,0.0,1.0,0.0,0.0,0.0,0.0,0.0,0.0,0.0,1.0,0
78,-0.25433835933297216,-0.19208565072815995,-0.8186175638504051,1.539348916466737,-0.8896762421455466,0.0,1.0,0.0,1.0,0.0,0.0,0.0,1.0,0.0,1.0,0.0,1.0,0.0,0.0,0.0,1.0,1.0,0.0,0.0,0.0,0.0,0.0,0.0,1.0,0.0,1
6,0.1803818151297677,0.47640015180593936,1.0353079062190003,0.1329069750550954,0.19027558530195324,1.0,0.0,0.0,1.0,0.0,0.0,1.0,0.0,1.0,0.0,0.0,1.0,0.0,0.0,1.0,0.0,1.0,0.0,0.0,0.0,0.0,0.0,0.0,1.0,0.0,1
116,-1.4498188391055067,-0.08067135030581006,-0.6311419545175438,0.813443398318793,0.7717881077736839,0.0,1.0,0.0,0.0,1.0,0.0,1.0,0.0,1.0,0.0,0.0,1.0,0.0,0.0,1.0,0.0,1.0,0.0,0.0,0.0,0.0,0.0,0.0,1.0,0.0,1
234,1.7019024257493571,-0.08067135030581006,1.6185653574767909,-1.8633331998517506,1.10408097775753,0.0,1.0,1.0,0.0,0.0,0.0,1.0,0.0,1.0,0.0,0.0,1.0,0.0,0.0,1.0,0.0,0.0,0.0,0.0,1.0,0.0,0.0,0.0,1.0,0.0,0
226,0.8324620768238775,-0.6377428524175595,0.7645098038493119,-2.1355477691572298,0.2733488027979147,0.0,1.0,0.0,1.0,0.0,0.0,1.0,0.0,1.0,0.0,0.0,1.0,0.0,0.0,1.0,0.0,0.0,1.0,0.0,0.0,0.0,0.0,0.0,0.0,1.0,0
279,0.7237820332081926,0.3649858513835895,-1.6310118709594703,-1.1374276817038067,2.1009595877090685,0.0,1.0,1.0,0.0,0.0,0.0,1.0,0.0,1.0,0.0,0.0,0.0,1.0,0.0,1.0,0.0,0.0,1.0,0.0,0.0,0.0,0.0,0.0,1.0,0.0,0
8,-0.25433835933297216,2.2590289585635377,-0.9436013034056459,0.5412288290133139,-0.474310154665739,0.0,1.0,0.0,0.0,1.0,0.0,0.0,1.0,0.0,1.0,0.0,1.0,0.0,0.0,0.0,1.0,1.0,0.0,0.0,0.0,0.0,0.0,0.0,0.0,1.0,1
158,0.39774190236113766,-0.35920710136168477,-0.5061582149623031,-0.2754148789031231,-0.5573833721617005,0.0,1.0,0.0,1.0,0.0,0.0,1.0,0.0,0.0,1.0,0.0,1.0,0.0,0.0,1.0,0.0,0.0,0.0,0.0,0.0,1.0,0.0,0.0,0.0,1.0,1
31,1.1585022076709324,-0.6377428524175595,-1.4018750151081956,-0.45689125844010914,-0.5573833721617005,0.0,1.0,1.0,0.0,0.0,0.0,1.0,0.0,0.0,1.0,0.0,1.0,0.0,0.0,0.0,1.0,1.0,0.0,0.0,0.0,0.0,0.0,0.0,0.0,1.0,1
231,0.28906185874545265,1.869078907085313,0.9311547899229663,-1.1827967765880532,-0.05894406718593136,0.0,1.0,1.0,0.0,0.0,0.0,0.0,1.0,1.0,0.0,0.0,1.0,0.0,0.0,1.0,0.0,0.0,0.0,0.0,1.0,0.0,0.0,0.0,0.0,1.0,0
221,0.07170177151408275,0.47640015180593936,-0.5686500847399234,-1.7725950100832577,3.762423937628299,0.0,1.0,1.0,0.0,0.0,0.0,1.0,0.0,0.0,1.0,0.0,0.0,1.0,1.0,0.0,0.0,1.0,0.0,0.0,0.0,0.0,0.0,0.0,0.0,1.0,0
299,-1.0150986646427669,-1.194814354529309,0.41038920844279625,-0.8198440175140812,0.10720236780599164,0.0,1.0,0.0,0.0,0.0,1.0,1.0,0.0,0.0,1.0,0.0,1.0,0.0,0.0,1.0,0.0,1.0,0.0,0.0,0.0,0.0,0.0,0.0,0.0,1.0,0
298,0.28906185874545265,0.47640015180593936,-0.06871512651896017,-1.2281658714722996,-0.7235298071536236,1.0,0.0,1.0,0.0,0.0,0.0,1.0,0.0,0.0,1.0,0.0,0.0,1.0,0.0,1.0,0.0,1.0,0.0,0.0,0.0,0.0,0.0,0.0,0.0,1.0,0
121,0.5064219459768226,0.3649858513835895,0.5562035712572438,1.448610726698244,-0.8896762421455466,0.0,1.0,1.0,0.0,0.0,0.0,1.0,0.0,1.0,0.0,0.0,1.0,0.0,0.0,0.0,1.0,1.0,0.0,0.0,0.0,0.0,0.0,0.0,1.0,0.0,1
275,-0.25433835933297216,-0.35920710136168477,-0.6728032010359575,0.813443398318793,-0.05894406718593136,0.0,1.0,1.0,0.0,0.0,0.0,1.0,0.0,0.0,1.0,0.0,1.0,0.0,0.0,0.0,1.0,0.0,0.0,1.0,0.0,0.0,0.0,0.0,0.0,1.0,0
241,0.5064219459768226,2.3704432589858877,0.09792985955469424,-0.3207839737873696,-0.8896762421455466,1.0,0.0,1.0,0.0,0.0,0.0,1.0,0.0,0.0,1.0,0.0,0.0,1.0,0.0,1.0,0.0,1.0,0.0,0.0,0.0,0.0,0.0,0.0,1.0,0.0,0
30,-1.4498188391055067,-1.4733501055851836,-0.9644319266648527,0.813443398318793,-0.8896762421455466,1.0,0.0,0.0,1.0,0.0,0.0,1.0,0.0,0.0,1.0,0.0,1.0,0.0,0.0,0.0,1.0,0.0,1.0,0.0,0.0,0.0,0.0,0.0,1.0,0.0,1
187,-0.03697827210160222,-0.4149142515728597,0.4520504549612099,-1.8633331998517506,0.9379345427656071,0.0,1.0,1.0,0.0,0.0,0.0,1.0,0.0,1.0,0.0,0.0,0.0,1.0,0.0,1.0,0.0,0.0,1.0,0.0,0.0,0.0,0.0,0.0,0.0,1.0,0
68,-1.1237787082584518,-0.6377428524175595,-0.5061582149623031,0.904181588087286,-0.8896762421455466,0.0,1.0,0.0,1.0,0.0,0.0,1.0,0.0,0.0,1.0,0.0,1.0,0.0,0.0,0.0,1.0,1.0,0.0,0.0,0.0,0.0,0.0,0.0,1.0,0.0,1
301,0.28906185874545265,-0.08067135030581006,-2.360083685031708,-1.5911186305462717,0.10720236780599164,0.0,1.0,1.0,0.0,0.0,0.0,1.0,0.0,0.0,1.0,0.0,0.0,1.0,0.0,1.0,0.0,0.0,1.0,0.0,0.0,0.0,0.0,0.0,0.0,1.0,0
291,0.39774190236113766,-0.9719857536846092,1.5352428644399636,-0.45689125844010914,2.7655453276767608,0.0,1.0,1.0,0.0,0.0,0.0,1.0,0.0,0.0,0.0,1.0,1.0,0.0,1.0,0.0,0.0,0.0,0.0,0.0,1.0,0.0,0.0,1.0,0.0,0.0,0
225,1.7019024257493571,0.7549359028618141,-1.4643668848858158,-1.1374276817038067,1.270227412749453,0.0,1.0,1.0,0.0,0.0,0.0,1.0,0.0,0.0,1.0,0.0,0.0,1.0,1.0,0.0,0.0,1.0,0.0,0.0,0.0,0.0,0.0,0.0,0.0,1.0,0
151,1.810582469365042,-1.083400054106959,-1.985132466365986,-1.1374276817038067,0.43949523778983784,1.0,0.0,1.0,0.0,0.0,0.0,1.0,0.0,0.0,1.0,0.0,1.0,0.0,0.0,1.0,0.0,1.0,0.0,0.0,0.0,0.0,0.0,0.0,1.0,0.0,1
127,1.3758622949023023,1.1448859543400387,0.6811873108124847,0.994919777855779,-0.8896762421455466,1.0,0.0,0.0,0.0,1.0,0.0,1.0,0.0,0.0,1.0,0.0,1.0,0.0,0.0,0.0,1.0,0.0,1.0,0.0,0.0,0.0,0.0,0.0,1.0,0.0,1
120,1.0498221640552474,-0.08067135030581006,1.2227835155518616,-1.2735349663565463,0.7717881077736839,1.0,0.0,1.0,0.0,0.0,0.0,1.0,0.0,0.0,1.0,0.0,1.0,0.0,0.0,1.0,0.0,0.0,0.0,1.0,0.0,0.0,0.0,0.0,1.0,0.0,1
21,-1.1237787082584518,-0.08067135030581006,-0.23536011259261458,1.3125034420455044,-0.5573833721617005,0.0,1.0,0.0,0.0,1.0,0.0,1.0,0.0,0.0,1.0,0.0,0.0,1.0,0.0,0.0,1.0,1.0,0.0,0.0,0.0,0.0,0.0,0.0,1.0,0.0,1
134,-1.4498188391055067,-0.3034999511505098,1.285275385329482,0.5865979238975605,-0.8896762421455466,1.0,0.0,0.0,1.0,0.0,0.0,1.0,0.0,0.0,1.0,0.0,1.0,0.0,0.0,0.0,1.0,1.0,0.0,0.0,0.0,0.0,0.0,0.0,1.0,0.0,1
7,-1.1237787082584518,-0.6377428524175595,0.3895585851835895,1.0402888727400255,-0.8896762421455466,0.0,1.0,0.0,1.0,0.0,0.0,1.0,0.0,0.0,1.0,0.0,1.0,0.0,0.0,0.0,1.0,1.0,0.0,0.0,0.0,0.0,0.0,0.0,0.0,1.0,1
162,-1.4498188391055067,-0.6377428524175595,-1.8184874802923314,1.448610726698244,-0.8896762421455466,0.0,1.0,0.0,1.0,0.0,0.0,1.0,0.0,0.0,1.0,0.0,1.0,0.0,0.0,0.0,1.0,1.0,0.0,0.0,0.0,0.0,0.0,0.0,1.0,0.0,1
203,1.4845423385179872,2.7046861602529373,0.6186954410348643,-0.003200309597644094,0.43949523778983784,0.0,1.0,0.0,0.0,1.0,0.0,0.0,1.0,1.0,0.0,0.0,0.0,1.0,0.0,1.0,0.0,1.0,0.0,0.0,0.0,0.0,0.0,0.0,0.0,1.0,0
176,0.6151019895925076,-0.8048643030510844,-0.29785198237023497,0.4504906392448209,0.2733488027979147,0.0,1.0,1.0,0.0,0.0,0.0,0.0,1.0,0.0,1.0,0.0,0.0,1.0,0.0,0.0,1.0,0.0,0.0,1.0,0.0,0.0,0.0,0.0,0.0,1.0,0
13,1.0498221640552474,-1.194814354529309,-0.6936338242951642,-0.2754148789031231,0.6056416727817608,0.0,1.0,0.0,0.0,0.0,1.0,1.0,0.0,1.0,0.0,0.0,0.0,1.0,0.0,1.0,0.0,1.0,0.0,0.0,0.0,0.0,0.0,0.0,1.0,0.0,1
54,0.9411421204395625,0.19786440075006467,0.16042172933231463,0.994919777855779,-0.8896762421455466,1.0,0.0,0.0,0.0,1.0,0.0,1.0,0.0,1.0,0.0,0.0,1.0,0.0,0.0,0.0,1.0,1.0,0.0,0.0,0.0,0.0,0.0,0.0,1.0,0.0,1
223,0.1803818151297677,3.818829164476436,0.9103241666637595,-0.7744749226298346,2.433252457692914,1.0,0.0,1.0,0.0,0.0,0.0,0.0,1.0,1.0,0.0,0.0,0.0,1.0,1.0,0.0,0.0,0.0,0.0,1.0,0.0,0.0,0.0,0.0,0.0,1.0,0
69,0.8324620768238775,-0.4149142515728597,-0.7352950708135778,0.5865979238975605,-0.8896762421455466,1.0,0.0,1.0,0.0,0.0,0.0,1.0,0.0,0.0,1.0,0.0,1.0,0.0,0.0,0.0,1.0,1.0,0.0,0.0,0.0,0.0,0.0,0.0,1.0,0.0,1
174,0.6151019895925076,-0.08067135030581006,-0.7977869405911983,-0.8198440175140812,1.10408097775753,0.0,1.0,1.0,0.0,0.0,0.0,1.0,0.0,1.0,0.0,0.0,0.0,1.0,0.0,1.0,0.0,0.0,0.0,1.0,0.0,0.0,0.0,0.0,0.0,1.0,0
212,-1.6671789263368766,-0.7491571528399094,-0.5269888382215098,-0.45689125844010914,0.10720236780599164,0.0,1.0,1.0,0.0,0.0,0.0,1.0,0.0,0.0,1.0,0.0,1.0,0.0,0.0,1.0,0.0,1.0,0.0,0.0,0.0,0.0,0.0,0.0,0.0,1.0,0
269,0.1803818151297677,-0.08067135030581006,0.8061710503677255,-2.1355477691572298,0.43949523778983784,0.0,1.0,1.0,0.0,0.0,0.0,0.0,1.0,1.0,0.0,0.0,0.0,1.0,1.0,0.0,0.0,1.0,0.0,0.0,0.0,0.0,0.0,0.0,0.0,1.0,0
184,-0.47169844656434207,1.033471653917689,-0.027053880000546572,-1.0013203970510671,1.270227412749453,0.0,1.0,1.0,0.0,0.0,0.0,1.0,0.0,1.0,0.0,0.0,1.0,0.0,0.0,1.0,0.0,1.0,0.0,0.0,0.0,0.0,0.0,0.0,0.0,1.0,0
2,-1.4498188391055067,-0.08067135030581006,-0.8394481871096119,0.994919777855779,0.2733488027979147,1.0,0.0,0.0,1.0,0.0,0.0,1.0,0.0,1.0,0.0,0.0,1.0,0.0,0.0,0.0,1.0,1.0,0.0,0.0,0.0,0.0,0.0,0.0,1.0,0.0,1
218,1.1585022076709324,0.19786440075006467,0.20208297585072824,-1.0466894919353136,1.4363738477413759,0.0,1.0,1.0,0.0,0.0,0.0,1.0,0.0,1.0,0.0,0.0,1.0,0.0,0.0,1.0,0.0,0.0,1.0,0.0,0.0,0.0,0.0,0.0,0.0,1.0,0
118,-0.9064186210270819,-1.4733501055851836,-0.8394481871096119,0.994919777855779,-0.8896762421455466,1.0,0.0,0.0,1.0,0.0,0.0,1.0,0.0,0.0,1.0,0.0,1.0,0.0,0.0,0.0,1.0,1.0,0.0,0.0,0.0,0.0,0.0,0.0,1.0,0.0,1
92,-0.25433835933297216,0.3649858513835895,-0.4436663451846826,0.8588124932030394,-0.8896762421455466,0.0,1.0,0.0,0.0,1.0,0.0,1.0,0.0,0.0,1.0,0.0,1.0,0.0,0.0,0.0,1.0,0.0,0.0,0.0,0.0,1.0,0.0,0.0,1.0,0.0,1
155,0.39774190236113766,-0.08067135030581006,-0.9852625499240595,-0.8652131123983277,-0.3912369371697775,1.0,0.0,1.0,0.0,0.0,0.0,1.0,0.0,0.0,1.0,0.0,1.0,0.0,0.0,1.0,0.0,1.0,0.0,0.0,0.0,0.0,0.0,0.0,1.0,0.0,1
112,1.0498221640552474,0.47640015180593936,1.4310897481439295,-0.7744749226298346,-0.7235298071536236,1.0,0.0,0.0,0.0,1.0,0.0,1.0,0.0,0.0,1.0,0.0,1.0,0.0,0.0,0.0,1.0,1.0,0.0,0.0,0.0,0.0,0.0,0.0,0.0,1.0,1
261,-0.25433835933297216,-1.083400054106959,-0.29785198237023497,0.4504906392448209,-0.8896762421455466,0.0,1.0,1.0,0.0,0.0,0.0,1.0,0.0,0.0,1.0,0.0,1.0,0.0,0.0,0.0,1.0,0.0,1.0,0.0,0.0,0.0,0.0,0.0,1.0,0.0,0
103,-1.3411387954898217,-0.6377428524175595,-0.08954574977816698,1.993039865309202,-0.22509050217785437,0.0,1.0,0.0,0.0,1.0,0.0,0.0,1.0,0.0,1.0,0.0,1.0,0.0,1.0,0.0,0.0,1.0,0.0,0.0,0.0,0.0,0.0,0.0,0.0,1.0,1
52,0.8324620768238775,-0.08067135030581006,-0.2770213591110282,-0.18467668913463012,0.6056416727817608,0.0,1.0,0.0,0.0,1.0,0.0,1.0,0.0,0.0,1.0,0.0,1.0,0.0,0.0,1.0,0.0,0.0,0.0,0.0,1.0,0.0,0.0,0.0,0.0,1.0,1
219,-0.689058533795712,-0.08067135030581006,0.24374422236914184,-0.003200309597644094,-0.8896762421455466,0.0,1.0,1.0,0.0,0.0,0.0,0.0,1.0,1.0,0.0,0.0,0.0,1.0,0.0,0.0,1.0,0.0,0.0,1.0,0.0,0.0,0.0,0.0,0.0,1.0,0
201,0.6151019895925076,-0.35920710136168477,0.28540546888755547,-0.41152216355586263,1.4363738477413759,0.0,1.0,1.0,0.0,0.0,0.0,1.0,0.0,1.0,0.0,0.0,0.0,1.0,0.0,1.0,0.0,0.0,1.0,0.0,0.0,0.0,0.0,0.0,0.0,1.0,0
296,0.9411421204395625,-0.4149142515728597,-0.9852625499240595,-0.6383676379770952,-0.8896762421455466,1.0,0.0,1.0,0.0,0.0,0.0,1.0,0.0,0.0,1.0,0.0,0.0,1.0,0.0,1.0,0.0,1.0,0.0,0.0,0.0,0.0,0.0,0.0,1.0,0.0,0
48,-0.14565831571728718,-0.19208565072815995,-0.5894807079991302,-1.5911186305462717,-0.8896762421455466,1.0,0.0,0.0,0.0,1.0,0.0,1.0,0.0,1.0,0.0,0.0,1.0,0.0,0.0,0.0,1.0,1.0,0.0,0.0,0.0,0.0,1.0,0.0,0.0,0.0,1
300,1.4845423385179872,0.6992287526506392,-1.0685850429608867,-0.41152216355586263,1.9348131527171453,0.0,1.0,1.0,0.0,0.0,0.0,0.0,1.0,0.0,1.0,0.0,1.0,0.0,0.0,1.0,0.0,0.0,0.0,1.0,0.0,0.0,0.0,0.0,0.0,1.0,0
232,0.07170177151408275,1.5905431560294383,0.9311547899229663,-0.2300457840188766,-0.22509050217785437,0.0,1.0,1.0,0.0,0.0,0.0,1.0,0.0,1.0,0.0,0.0,0.0,1.0,0.0,1.0,0.0,0.0,1.0,0.0,0.0,0.0,0.0,0.0,0.0,1.0,0
106,1.5932223821336722,1.5905431560294383,-0.2145294893334078,-0.8652131123983277,-0.8066030246495851,0.0,1.0,0.0,0.0,0.0,1.0,0.0,1.0,1.0,0.0,0.0,1.0,0.0,0.0,1.0,0.0,0.0,1.0,0.0,0.0,0.0,0.0,0.0,1.0,0.0,1
209,0.5064219459768226,0.47640015180593936,-1.4018750151081956,0.5412288290133139,-0.8896762421455466,0.0,1.0,1.0,0.0,0.0,0.0,1.0,0.0,0.0,1.0,0.0,0.0,1.0,0.0,0.0,1.0,0.0,1.0,0.0,0.0,0.0,0.0,0.0,0.0,1.0,0
50,-0.3630184029486571,-0.08067135030581006,0.24374422236914184,-0.0485694044818906,-0.474310154665739,1.0,0.0,0.0,0.0,1.0,0.0,1.0,0.0,1.0,0.0,0.0,1.0,0.0,0.0,0.0,1.0,1.0,0.0,0.0,0.0,0.0,0.0,0.0,1.0,0.0,1
144,2.353982687443467,0.47640015180593936,-0.9852625499240595,-1.5457495356620252,0.024129150310030233,1.0,0.0,0.0,0.0,1.0,0.0,1.0,0.0,0.0,0.0,1.0,1.0,0.0,0.0,1.0,0.0,1.0,0.0,0.0,0.0,0.0,0.0,0.0,1.0,0.0,1
192,-0.03697827210160222,-0.6377428524175595,-1.1727381592569206,-1.6818568203147648,0.2733488027979147,0.0,1.0,1.0,0.0,0.0,0.0,1.0,0.0,0.0,1.0,0.0,1.0,0.0,0.0,1.0,0.0,0.0,1.0,0.0,0.0,0.0,0.0,0.0,0.0,1.0,0
204,0.8324620768238775,1.5905431560294383,-1.672673117477884,-0.2300457840188766,4.260863242604068,1.0,0.0,1.0,0.0,0.0,0.0,1.0,0.0,1.0,0.0,0.0,1.0,0.0,1.0,0.0,0.0,0.0,0.0,0.0,1.0,0.0,0.0,0.0,0.0,1.0,0
38,1.1585022076709324,1.3120074049735635,0.5145423247388303,-0.0939384993661371,-0.22509050217785437,1.0,0.0,0.0,0.0,1.0,0.0,1.0,0.0,0.0,1.0,0.0,1.0,0.0,0.0,0.0,1.0,1.0,0.0,0.0,0.0,0.0,0.0,0.0,1.0,0.0,1
245,-0.689058533795712,-0.4149142515728597,0.6186954410348643,0.7227052085503,-0.474310154665739,0.0,1.0,1.0,0.0,0.0,0.0,1.0,0.0,1.0,0.0,0.0,1.0,0.0,0.0,1.0,0.0,1.0,0.0,0.0,0.0,0.0,0.0,0.0,0.0,1.0,0
191,0.39774190236113766,-0.19208565072815995,-0.5894807079991302,-0.8652131123983277,0.9379345427656071,0.0,1.0,1.0,0.0,0.0,0.0,1.0,0.0,1.0,0.0,0.0,0.0,1.0,0.0,1.0,0.0,0.0,0.0,0.0,1.0,0.0,0.0,0.0,0.0,1.0,0
63,-1.4498188391055067,0.19786440075006467,-0.8602788103688186,-0.8198440175140812,-0.8896762421455466,0.0,1.0,0.0,1.0,0.0,0.0,1.0,0.0,0.0,1.0,0.0,1.0,0.0,0.0,1.0,0.0,1.0,0.0,0.0,0.0,0.0,0.0,1.0,0.0,0.0,1
96,0.8324620768238775,0.47640015180593936,3.1183702321396805,0.31438335459208144,0.10720236780599164,1.0,0.0,1.0,0.0,0.0,0.0,1.0,0.0,1.0,0.0,0.0,1.0,0.0,0.0,1.0,0.0,1.0,0.0,0.0,0.0,0.0,0.0,0.0,1.0,0.0,1
190,-0.3630184029486571,-0.08067135030581006,1.2644447620702752,-0.3661530686716161,0.10720236780599164,1.0,0.0,1.0,0.0,0.0,0.0,1.0,0.0,0.0,1.0,0.0,0.0,1.0,0.0,1.0,0.0,1.0,0.0,0.0,0.0,0.0,0.0,0.0,0.0,1.0,0
125,-2.2105791444153016,-0.7491571528399094,-0.714464447554371,1.902301675540709,-0.308163719673816,1.0,0.0,0.0,1.0,0.0,0.0,1.0,0.0,0.0,1.0,0.0,1.0,0.0,0.0,0.0,1.0,1.0,0.0,0.0,0.0,0.0,0.0,0.0,1.0,0.0,1
159,0.1803818151297677,-0.08067135030581006,-0.4853275917030962,0.5865979238975605,-0.8896762421455466,0.0,1.0,0.0,1.0,0.0,0.0,1.0,0.0,1.0,0.0,0.0,1.0,0.0,0.0,0.0,1.0,1.0,0.0,0.0,0.0,0.0,0.0,0.0,0.0,1.0,1
9,0.28906185874545265,1.033471653917689,-1.5893506244410567,1.085657967624272,0.43949523778983784,0.0,1.0,0.0,0.0,1.0,0.0,1.0,0.0,0.0,1.0,0.0,1.0,0.0,0.0,0.0,1.0,1.0,0.0,0.0,0.0,0.0,0.0,0.0,1.0,0.0,1
183,0.39774190236113766,-1.083400054106959,-0.29785198237023497,0.6773361136660534,1.1871541952534914,0.0,1.0,0.0,0.0,1.0,0.0,1.0,0.0,1.0,0.0,0.0,1.0,0.0,0.0,1.0,0.0,0.0,1.0,0.0,0.0,0.0,0.0,0.0,0.0,1.0,0
262,-0.14565831571728718,-0.47062140178403467,0.7853404271085187,-2.498500528231202,0.7717881077736839,0.0,1.0,1.0,0.0,0.0,0.0,1.0,0.0,0.0,1.0,0.0,0.0,1.0,0.0,1.0,0.0,0.0,0.0,1.0,0.0,0.0,0.0,0.0,0.0,1.0,0
290,0.7237820332081926,0.9220573534953389,-0.8602788103688186,0.4958597341290674,-0.8896762421455466,0.0,1.0,1.0,0.0,0.0,0.0,1.0,0.0,0.0,1.0,0.0,1.0,0.0,0.0,0.0,1.0,0.0,1.0,0.0,0.0,0.0,0.0,0.0,0.0,1.0,0
137,0.8324620768238775,-0.19208565072815995,-0.7561256940727846,-0.45689125844010914,-0.8896762421455466,0.0,1.0,0.0,1.0,0.0,0.0,0.0,1.0,1.0,0.0,0.0,1.0,0.0,0.0,0.0,1.0,1.0,0.0,0.0,0.0,0.0,0.0,0.0,1.0,0.0,1
148,-1.1237787082584518,-0.6377428524175595,-0.3811744754070622,0.8588124932030394,-0.8896762421455466,0.0,1.0,0.0,0.0,1.0,0.0,1.0,0.0,0.0,1.0,0.0,1.0,0.0,0.0,0.0,1.0,1.0,0.0,0.0,0.0,0.0,0.0,0.0,1.0,0.0,1
181,1.1585022076709324,1.033471653917689,-0.402005098666269,-1.6364877254305181,-0.05894406718593136,1.0,0.0,1.0,0.0,0.0,0.0,1.0,0.0,1.0,0.0,0.0,1.0,0.0,0.0,1.0,0.0,0.0,0.0,0.0,1.0,0.0,0.0,0.0,0.0,1.0,0
282,0.5064219459768226,-0.3034999511505098,-0.5478194614807166,-0.7291058277455882,0.9379345427656071,0.0,1.0,0.0,0.0,1.0,0.0,0.0,1.0,0.0,1.0,0.0,1.0,0.0,0.0,1.0,0.0,0.0,1.0,0.0,0.0,0.0,0.0,1.0,0.0,0.0,0
37,-0.03697827210160222,1.033471653917689,-0.2561907358518214,0.6773361136660534,0.43949523778983784,0.0,1.0,0.0,0.0,1.0,0.0,1.0,0.0,1.0,0.0,0.0,1.0,0.0,0.0,0.0,1.0,1.0,0.0,0.0,0.0,0.0,0.0,0.0,0.0,1.0,1
220,0.9411421204395625,1.033471653917689,3.389168334509369,0.17827606993934192,2.433252457692914,1.0,0.0,1.0,0.0,0.0,0.0,1.0,0.0,1.0,0.0,0.0,1.0,0.0,0.0,1.0,0.0,0.0,0.0,0.0,1.0,0.0,0.0,0.0,0.0,1.0,0
287,0.28906185874545265,1.2563002547623887,-0.2561907358518214,0.6319670187818069,-0.8896762421455466,0.0,1.0,0.0,1.0,0.0,0.0,1.0,0.0,1.0,0.0,0.0,1.0,0.0,0.0,0.0,1.0,0.0,1.0,0.0,0.0,0.0,0.0,0.0,1.0,0.0,0
165,1.3758622949023023,1.5905431560294383,0.8686629201453459,-1.9087022947359973,0.35642202029387626,0.0,1.0,1.0,0.0,0.0,0.0,1.0,0.0,1.0,0.0,0.0,0.0,1.0,0.0,1.0,0.0,0.0,0.0,0.0,1.0,0.0,0.0,0.0,1.0,0.0,0
105,1.4845423385179872,-0.6377428524175595,-0.6936338242951642,-1.5911186305462717,0.35642202029387626,1.0,0.0,0.0,0.0,1.0,0.0,1.0,0.0,1.0,0.0,0.0,1.0,0.0,0.0,1.0,0.0,1.0,0.0,0.0,0.0,0.0,0.0,0.0,1.0,0.0,1
169,-0.14565831571728718,0.47640015180593936,-0.8602788103688186,0.22364516482358843,1.6855935002292608,0.0,1.0,1.0,0.0,0.0,0.0,0.0,1.0,1.0,0.0,0.0,0.0,1.0,1.0,0.0,0.0,1.0,0.0,0.0,0.0,0.0,0.0,0.0,0.0,1.0,0
156,-0.797738577411397,-0.08067135030581006,0.18125235259152145,1.3125034420455044,-0.8896762421455466,0.0,1.0,0.0,0.0,1.0,0.0,1.0,0.0,0.0,1.0,0.0,1.0,0.0,0.0,0.0,1.0,1.0,0.0,0.0,0.0,0.0,0.0,0.0,1.0,0.0,1
23,0.7237820332081926,1.033471653917689,-0.027053880000546572,-0.5929985430928486,-0.05894406718593136,0.0,1.0,0.0,0.0,1.0,0.0,0.0,1.0,0.0,1.0,0.0,0.0,1.0,0.0,1.0,0.0,1.0,0.0,0.0,0.0,0.0,0.0,0.0,1.0,0.0,1
49,-0.14565831571728718,0.3649858513835895,-0.2145294893334078,0.4504906392448209,-0.8896762421455466,1.0,0.0,1.0,0.0,0.0,0.0,1.0,0.0,1.0,0.0,0.0,1.0,0.0,0.0,0.0,1.0,1.0,0.0,0.0,0.0,0.0,0.0,0.0,1.0,0.0,1
113,-1.2324587518741368,-1.194814354529309,-0.6936338242951642,0.4958597341290674,-0.8896762421455466,0.0,1.0,1.0,0.0,0.0,0.0,1.0,0.0,0.0,1.0,0.0,1.0,0.0,0.0,0.0,1.0,1.0,0.0,0.0,0.0,0.0,0.0,0.0,0.0,1.0,1
11,-0.689058533795712,-0.08067135030581006,0.6395260642940711,-0.5022603533243556,-0.7235298071536236,1.0,0.0,0.0,0.0,1.0,0.0,1.0,0.0,0.0,1.0,0.0,1.0,0.0,0.0,0.0,1.0,1.0,0.0,0.0,0.0,0.0,0.0,0.0,1.0,0.0,1
90,-0.689058533795712,-0.4149142515728597,0.22291359910993505,1.1310270625085186,-0.8896762421455466,0.0,1.0,0.0,0.0,1.0,0.0,0.0,1.0,0.0,1.0,0.0,1.0,0.0,0.0,0.0,1.0,0.0,0.0,1.0,0.0,0.0,0.0,0.0,1.0,0.0,1
88,-0.03697827210160222,-1.194814354529309,-0.6311419545175438,0.35975244947632795,0.43949523778983784,1.0,0.0,0.0,0.0,1.0,0.0,1.0,0.0,0.0,1.0,0.0,1.0,0.0,0.0,1.0,0.0,1.0,0.0,0.0,0.0,0.0,0.0,0.0,1.0,0.0,1
157,-2.1018991007996166,-0.5263285519952097,-1.0894156662200936,1.085657967624272,-0.8896762421455466,0.0,1.0,0.0,1.0,0.0,0.0,1.0,0.0,0.0,1.0,0.0,1.0,0.0,0.0,0.0,1.0,1.0,0.0,0.0,0.0,0.0,0.0,0.0,1.0,0.0,1
46,-1.1237787082584518,0.47640015180593936,-0.19369886607420098,1.357872536929751,-0.8896762421455466,0.0,1.0,0.0,0.0,1.0,0.0,1.0,0.0,1.0,0.0,0.0,1.0,0.0,0.0,0.0,1.0,1.0,0.0,0.0,0.0,0.0,0.0,0.0,1.0,0.0,1
53,-1.1237787082584518,-1.3062286549516589,-2.1517774524396405,1.1310270625085186,-0.3912369371697775,1.0,0.0,0.0,0.0,1.0,0.0,1.0,0.0,0.0,1.0,0.0,1.0,0.0,0.0,1.0,0.0,1.0,0.0,0.0,0.0,0.0,0.0,0.0,1.0,0.0,1
111,0.28906185874545265,1.033471653917689,-2.4642368013277425,1.0402888727400255,-0.7235298071536236,0.0,1.0,0.0,0.0,1.0,0.0,0.0,1.0,0.0,1.0,0.0,1.0,0.0,0.0,0.0,1.0,0.0,1.0,0.0,0.0,0.0,0.0,0.0,0.0,1.0,1
99,-0.14565831571728718,-0.08067135030581006,0.03543798977707383,1.0402888727400255,-0.8896762421455466,0.0,1.0,0.0,0.0,1.0,0.0,0.0,1.0,1.0,0.0,0.0,1.0,0.0,0.0,0.0,1.0,0.0,0.0,0.0,1.0,0.0,0.0,0.0,1.0,0.0,1
72,-2.7539793624937263,-0.08067135030581006,-0.8394481871096119,2.355992624383174,-0.8896762421455466,0.0,1.0,0.0,1.0,0.0,0.0,1.0,0.0,1.0,0.0,0.0,1.0,0.0,0.0,0.0,1.0,1.0,0.0,0.0,0.0,0.0,0.0,0.0,1.0,0.0,1
75,0.07170177151408275,0.19786440075006467,0.11876048281390104,0.4958597341290674,0.2733488027979147,1.0,0.0,0.0,1.0,0.0,0.0,1.0,0.0,1.0,0.0,0.0,1.0,0.0,0.0,1.0,0.0,1.0,0.0,0.0,0.0,0.0,0.0,0.0,1.0,0.0,1
284,0.7237820332081926,0.47640015180593936,-0.7769563173319914,-0.5476294482086022,0.6887148902777223,0.0,1.0,1.0,0.0,0.0,0.0,1.0,0.0,1.0,0.0,0.0,0.0,1.0,0.0,0.0,1.0,0.0,1.0,0.0,0.0,0.0,0.0,0.0,0.0,1.0,0
274,-0.797738577411397,-1.194814354529309,0.6395260642940711,-1.455011345893532,-0.05894406718593136,0.0,1.0,1.0,0.0,0.0,0.0,1.0,0.0,1.0,0.0,0.0,0.0,1.0,0.0,1.0,0.0,0.0,1.0,0.0,0.0,0.0,0.0,0.0,1.0,0.0,0
84,-1.3411387954898217,-1.6404715562187084,0.43121983170200306,-1.2735349663565463,-0.3912369371697775,1.0,0.0,1.0,0.0,0.0,0.0,1.0,0.0,1.0,0.0,0.0,1.0,0.0,0.0,1.0,0.0,1.0,0.0,0.0,0.0,0.0,0.0,0.0,1.0,0.0,1
292,0.39774190236113766,2.1476146581411877,-0.402005098666269,-0.18467668913463012,1.4363738477413759,1.0,0.0,1.0,0.0,0.0,0.0,0.0,1.0,1.0,0.0,0.0,0.0,1.0,0.0,1.0,0.0,0.0,0.0,1.0,0.0,0.0,0.0,1.0,0.0,0.0,0
170,0.1803818151297677,-0.08067135030581006,0.24374422236914184,-0.3661530686716161,-0.3912369371697775,0.0,1.0,0.0,0.0,1.0,0.0,0.0,1.0,1.0,0.0,0.0,0.0,1.0,0.0,1.0,0.0,0.0,1.0,0.0,0.0,0.0,0.0,1.0,0.0,0.0,0
39,1.1585022076709324,1.5905431560294383,2.410129041326649,0.04216878528660241,-0.22509050217785437,1.0,0.0,0.0,0.0,1.0,0.0,1.0,0.0,1.0,0.0,0.0,1.0,0.0,0.0,0.0,1.0,1.0,0.0,0.0,0.0,0.0,0.0,0.0,1.0,0.0,1
115,-1.8845390135682467,-0.6377428524175595,-0.610311331258337,0.904181588087286,-0.8896762421455466,1.0,0.0,0.0,0.0,1.0,0.0,1.0,0.0,0.0,1.0,0.0,1.0,0.0,0.0,0.0,1.0,1.0,0.0,0.0,0.0,0.0,0.0,0.0,1.0,0.0,1
139,1.0498221640552474,-0.19208565072815995,0.3895585851835895,-2.044809579388737,-0.7235298071536236,0.0,1.0,1.0,0.0,0.0,0.0,1.0,0.0,0.0,1.0,0.0,0.0,1.0,0.0,1.0,0.0,0.0,1.0,0.0,0.0,0.0,0.0,0.0,0.0,1.0,1
163,-1.7758589699525618,0.3649858513835895,-1.4435362616266092,1.0402888727400255,-0.8896762421455466,0.0,1.0,0.0,0.0,1.0,0.0,1.0,0.0,0.0,1.0,0.0,1.0,0.0,0.0,0.0,1.0,0.0,0.0,0.0,0.0,1.0,0.0,0.0,1.0,0.0,1
149,-1.3411387954898217,-0.08067135030581006,-1.3393831453305751,-0.003200309597644094,-0.8896762421455466,0.0,1.0,0.0,0.0,1.0,0.0,1.0,0.0,0.0,1.0,0.0,1.0,0.0,0.0,0.0,1.0,1.0,0.0,0.0,0.0,0.0,0.0,0.0,1.0,0.0,1
