componente,varianza_explicada,varianza_acumulada
1,0.2550787027860369,0.2550787027860369
2,0.14236414260399408,0.39744284539003094
3,0.09955655779664604,0.496999403186677
4,0.08945595974862272,0.5864553629352998
5,0.06253320694440262,0.6489885698797024
6,0.05668285962700993,0.7056714295067124
7,0.050200111576499465,0.7558715410832119
8,0.03881116420841589,0.7946827052916278
9,0.03222473964737192,0.8269074449389997
10,0.030655196195419957,0.8575626411344197
11,0.027402342450586925,0.8849649835850066
12,0.024435653631518398,0.9094006372165251
13,0.02197238777566089,0.931373024992186
14,0.019181533187086645,0.9505545581792726
15,0.01292051753560714,0.9634750757148798
16,0.009272579711133393,0.9727476554260132
17,0.008034604692371316,0.9807822601183844
18,0.0072843347627370375,0.9880665948811215
19,0.006890075258441118,0.9949566701395626
20,0.002465254962492374,0.997421925102055
21,0.0020308297689016516,0.9994527548709566
22,0.0005472451290436583,1.0000000000000002
23,2.189823529730912e-33,1.0000000000000002
24,2.1385071145402403e-33,1.0000000000000002
25,1.3894063704236736e-33,1.0000000000000002
26,1.3894063704236736e-33,1.0000000000000002
27,1.3894063704236736e-33,1.0000000000000002
28,1.3894063704236736e-33,1.0000000000000002
29,1.3894063704236736e-33,1.0000000000000002
30,1.3894063704236736e-33,1.0000000000000002
